task,system,nonempty_lines,utf8_bytes,source,source_sha256,oracle_passed,report
def-parametric-type,Joggle,17,517,artifact/extensions/def-parametric-type/reference.jog,b64c3f5686a1ea113a6229549157732aa43daaedbe53affa898b19c323a8f4f9,true,.cache/artifact/main-agents-siliconflow-20260925-otrf81w2/reference/Joggle-def-parametric-type.json
def-quantized-op,Joggle,37,1519,artifact/extensions/def-quantized-op/reference.jog,4a78099e15ed0602261fac15b0d285121b6f5a5fba2833f9aaa2bd31a60698e6,true,.cache/artifact/main-agents-siliconflow-20260925-otrf81w2/reference/Joggle-def-quantized-op.json
ana-broadcast-shape,Joggle,43,975,artifact/extensions/ana-broadcast-shape/reference.jog,a5824e9b967f1c505d40c255a952e8dab6c7a9cb75774f5c67a0cfe2d4210005,true,.cache/artifact/main-agents-siliconflow-20260925-otrf81w2/reference/Joggle-ana-broadcast-shape.json
ana-numeric-range,Joggle,56,1553,artifact/extensions/ana-numeric-range/reference.jog,7bc4b25bbee8e3338e2ab4d8421f4fb4b952439f3334a8e3e336f8680e8c5b00,true,.cache/artifact/main-agents-siliconflow-20260925-otrf81w2/reference/Joggle-ana-numeric-range.json
rew-add-zero,Joggle,38,1327,artifact/extensions/rew-add-zero/reference.jog,e0e943a3b45af6dd96af448218f82b6904dffa6244233fb1dcd2e1beb78a370f,true,.cache/artifact/main-agents-siliconflow-20260925-otrf81w2/reference/Joggle-rew-add-zero.json
rew-redundant-cast,Joggle,47,1573,artifact/extensions/rew-redundant-cast/reference.jog,d14de6054fb58bb3deb28917d89f1dc3c4b0d8c5ee1d3ab499deadfc9bfde20f,true,.cache/artifact/main-agents-siliconflow-20260925-otrf81w2/reference/Joggle-rew-redundant-cast.json
con-gelu-expand,Joggle,38,1459,artifact/extensions/con-gelu-expand/reference.jog,7f9e813371dfa01dee6081dd2ad9722435509b0f27ec38215fc3a2cbb99ed289,true,.cache/artifact/main-agents-siliconflow-20260925-otrf81w2/reference/Joggle-con-gelu-expand.json
con-quant-expand,Joggle,41,1569,artifact/extensions/con-quant-expand/reference.jog,18c531e179bd037a966bffe78d064e1dd0a97061df047c56a7f9bed76e3a4354,true,.cache/artifact/main-agents-siliconflow-20260925-otrf81w2/reference/Joggle-con-quant-expand.json
emit-graph-manifest,Joggle,68,1934,artifact/extensions/emit-graph-manifest/reference.jog,a78763123e8fb4864fa4e0abd1467c1864fe55253aae33b434384571cc901f5e,true,.cache/artifact/main-agents-siliconflow-20260925-otrf81w2/reference/Joggle-emit-graph-manifest.json
emit-kernel-wrapper,Joggle,12,538,artifact/extensions/emit-kernel-wrapper/reference.jog,0613d75e5977f7281a387cca13d9af1139c1fd4ad4a83a038d7d17dac78f112e,true,.cache/artifact/main-agents-siliconflow-20260925-otrf81w2/reference/Joggle-emit-kernel-wrapper.json
vert-int4,Joggle,67,3034,artifact/extensions/vert-int4/reference.jog,34f2d52ce798a6aa99a0dc4fc07184631b964e2e7a51128d921ea7733868a5f6,true,.cache/artifact/main-agents-siliconflow-20260925-otrf81w2/reference/Joggle-vert-int4.json
vert-fused-op,Joggle,74,3476,artifact/extensions/vert-fused-op/reference.jog,2848c4861960bedcdb866411e0073cd83cb797d9db565aa9ccbfe96ced479b84,true,.cache/artifact/main-agents-siliconflow-20260925-otrf81w2/reference/Joggle-vert-fused-op.json
def-parametric-type,MLIR,52,2498,artifact/extensions/def-parametric-type/reference.cpp,51bf1ecae842696aafbbc32b05626ee324684a71045e2b15197049b03f5525ed,true,.cache/artifact/main-agents-siliconflow-20260925-otrf81w2/reference/MLIR-def-parametric-type-toolchain.json
def-quantized-op,MLIR,62,2819,artifact/extensions/def-quantized-op/reference.cpp,a758a10e883f98f826854827003a0e0f3d3e36a4700ce2937e51e7bbc580ceab,true,.cache/artifact/main-agents-siliconflow-20260925-otrf81w2/reference/MLIR-def-quantized-op.json
ana-broadcast-shape,MLIR,33,1444,artifact/extensions/ana-broadcast-shape/reference.cpp,0cd4700fa95284490e7b48f8d08f46b06946459b58eb0fcc3f683eabc8ff52b2,true,.cache/artifact/main-agents-siliconflow-20260925-otrf81w2/reference/MLIR-ana-broadcast-shape.json
ana-numeric-range,MLIR,48,2108,artifact/extensions/ana-numeric-range/reference.cpp,d2ad8e045d7af990aa8600470e84a5625ab0567f4e2962f5e17154b849e34d2d,true,.cache/artifact/main-agents-siliconflow-20260925-otrf81w2/reference/MLIR-ana-numeric-range.json
rew-add-zero,MLIR,37,1679,artifact/extensions/rew-add-zero/reference.cpp,bdd1236627b1d55e2fd6727955fc9abc278c35a4bf1865cca8a223cfeafd0a32,true,.cache/artifact/main-agents-siliconflow-20260925-otrf81w2/reference/MLIR-rew-add-zero.json
rew-redundant-cast,MLIR,48,1931,artifact/extensions/rew-redundant-cast/reference.cpp,fdf3ac7ec8cd9c27d6fbc191baef056bd64fee5e7a6546166bcb28b13e24913b,true,.cache/artifact/main-agents-siliconflow-20260925-otrf81w2/reference/MLIR-rew-redundant-cast.json
con-gelu-expand,MLIR,40,1655,artifact/extensions/con-gelu-expand/reference.cpp,80734a96f069d1b09a4ccec4718ac7ce9feb48f67f3e85d49741fcb3f4a4bdf4,true,.cache/artifact/main-agents-siliconflow-20260925-otrf81w2/reference/MLIR-con-gelu-expand.json
con-quant-expand,MLIR,41,1924,artifact/extensions/con-quant-expand/reference.cpp,6f6d0f12fb59ec0b94f664077e8847ba584b8efacfabc77bbfdfbeecc5b36598,true,.cache/artifact/main-agents-siliconflow-20260925-otrf81w2/reference/MLIR-con-quant-expand.json
emit-graph-manifest,MLIR,66,3168,artifact/extensions/emit-graph-manifest/reference.cpp,be2314d23f76376e2dd2d0b79753f570ebee725b6b72ea74f62ab52d1cc1557e,true,.cache/artifact/main-agents-siliconflow-20260925-otrf81w2/reference/MLIR-emit-graph-manifest.json
emit-kernel-wrapper,MLIR,16,746,artifact/extensions/emit-kernel-wrapper/reference.cpp,c46fed52a966d9cdf04fa547e3db26079fd7802876b395b975187bd5686e49c4,true,.cache/artifact/main-agents-siliconflow-20260925-otrf81w2/reference/MLIR-emit-kernel-wrapper.json
vert-int4,MLIR,90,3958,artifact/extensions/vert-int4/reference.cpp,e71da813edb7c86198e25b8046909e0eec2bc8cf8dc84cf8f49217a432e31858,true,.cache/artifact/main-agents-siliconflow-20260925-otrf81w2/reference/MLIR-vert-int4.json
vert-fused-op,MLIR,76,4151,artifact/extensions/vert-fused-op/reference.cpp,41a89a879a94107795929cb1be491ffba24e2c62cb4f72dc3d7502b87371296c,true,.cache/artifact/main-agents-siliconflow-20260925-otrf81w2/reference/MLIR-vert-fused-op.json
def-parametric-type,xDSL,24,1011,artifact/extensions/def-parametric-type/reference.py,45074aa600b635b81d9a7be686d7265882f9cda5ee4d23062885f223c4a6d307,true,.cache/artifact/main-agents-siliconflow-20260925-otrf81w2/reference/xDSL-def-parametric-type.json
def-quantized-op,xDSL,38,1983,artifact/extensions/def-quantized-op/reference.py,a788076aa14653f4622c38bc5b4a570a6ea45c974f990e22593edce956828590,true,.cache/artifact/main-agents-siliconflow-20260925-otrf81w2/reference/xDSL-def-quantized-op.json
ana-broadcast-shape,xDSL,21,1059,artifact/extensions/ana-broadcast-shape/reference.py,d703439238608c845a35d10997778459bb193497faa3571050c9d22677ae4e50,true,.cache/artifact/main-agents-siliconflow-20260925-otrf81w2/reference/xDSL-ana-broadcast-shape.json
ana-numeric-range,xDSL,38,1725,artifact/extensions/ana-numeric-range/reference.py,8b3946679a704d277a60b7edf9e61fa8c608153dc3945b6303974606c863736f,true,.cache/artifact/main-agents-siliconflow-20260925-otrf81w2/reference/xDSL-ana-numeric-range.json
rew-add-zero,xDSL,30,1407,artifact/extensions/rew-add-zero/reference.py,e23d1ba3520d540f735ac4416bb3a519600374d4c4695f207e2edc6e1d36eb81,true,.cache/artifact/main-agents-siliconflow-20260925-otrf81w2/reference/xDSL-rew-add-zero.json
rew-redundant-cast,xDSL,34,1516,artifact/extensions/rew-redundant-cast/reference.py,72f3cf0fdcb78cdeffe3283dd2e2a945b876f83577d0151182d2683c6cc224b3,true,.cache/artifact/main-agents-siliconflow-20260925-otrf81w2/reference/xDSL-rew-redundant-cast.json
con-gelu-expand,xDSL,27,1233,artifact/extensions/con-gelu-expand/reference.py,dfd792b28e4c12135c7a7643edd71d857594468b9034146601cbe884c4b21dde,true,.cache/artifact/main-agents-siliconflow-20260925-otrf81w2/reference/xDSL-con-gelu-expand.json
con-quant-expand,xDSL,26,1403,artifact/extensions/con-quant-expand/reference.py,ea32e6a9e525b01f60779f0a2b8f92704d32681bd996d06d797140f8e9c99868,true,.cache/artifact/main-agents-siliconflow-20260925-otrf81w2/reference/xDSL-con-quant-expand.json
emit-graph-manifest,xDSL,33,1740,artifact/extensions/emit-graph-manifest/reference.py,bf6e82833f644f2ec0598a6544f6288a964f68ddde2f7e61aa21e613ed39b152,true,.cache/artifact/main-agents-siliconflow-20260925-otrf81w2/reference/xDSL-emit-graph-manifest.json
emit-kernel-wrapper,xDSL,10,483,artifact/extensions/emit-kernel-wrapper/reference.py,6754086022b2a33becf42740c66528da86503ed9414b2faa006457884b795ed6,true,.cache/artifact/main-agents-siliconflow-20260925-otrf81w2/reference/xDSL-emit-kernel-wrapper.json
vert-int4,xDSL,67,3230,artifact/extensions/vert-int4/reference.py,c8a9e33500cb65a3cd1a725c1fd92d7f758b3a653fef280a102503402c4d3ad2,true,.cache/artifact/main-agents-siliconflow-20260925-otrf81w2/reference/xDSL-vert-int4.json
vert-fused-op,xDSL,70,3372,artifact/extensions/vert-fused-op/reference.py,779b27371ee288385e208b124945579603a4df1d76ac56dbc91e9fe743f4d333,true,.cache/artifact/main-agents-siliconflow-20260925-otrf81w2/reference/xDSL-vert-fused-op.json
