case_id,edit_id,iteration,policy,bind,compile_protocol,decode_specialize,emit,host_compile,lower,parse,ready_ns,prepare_ns,imported_instances,materialized_instances
densenet-12,node-907-relu,9,update,131390709,41702250,1670812125,6434048708,2953198209,8978339750,539959917,20806229792,1348045542,603,414
densenet-12,node-907-relu,9,rebuild,127127417,86412458,1680774791,6588028250,2694099583,39894758625,528969000,51651052250,31889990500,0,0
densenet-12,node-456-relu,9,update,127533292,40673750,1635081625,6585804167,2615219542,8417610916,522611042,19999283459,1276996125,603,415
densenet-12,node-456-relu,9,rebuild,130227000,91151958,1629520084,6660697459,2659444708,36704412708,519142500,48443442042,28949447542,0,0
densenet-12,node-5-add,7,update,126578333,38212626,1637211125,6424209791,2662216667,8404328292,525844750,19868336959,1373011542,603,414
densenet-12,node-5-add,7,rebuild,154742583,70199084,1644975584,6558595792,2673129209,37596267166,519861625,49272549000,29765224541,0,0
tiny-yolov3-11,node-260-add,3,rebuild,128931834,19418541,1842647667,1739304625,461209166,13238257625,565432959,18039406667,10680976791,0,0
tiny-yolov3-11,node-260-add,3,update,126508292,18619042,1880001250,1879142083,475798708,4967086042,632917000,10026917958,2345909958,160,117
squeezenet1.1-7,node-34-relu,4,rebuild,120114417,7719416,331676417,319408709,305179875,1431538791,78995292,2602170708,962570417,0,0
squeezenet1.1-7,node-34-relu,4,update,111898959,4636376,330945292,290461208,310331916,639585750,78781083,1775826541,212224583,36,32
densenet-12,node-5-add,9,rebuild,124325458,96350124,1714719375,6888909125,3083363833,40655767000,526689084,53143318125,32639603333,0,0
densenet-12,node-5-add,9,update,127873000,43337083,1646044542,6508825375,2683682792,8465535292,533321375,20059839209,1352785542,603,414
tiny-yolov3-11,node-238-add,6,rebuild,128890459,21092334,1870226083,1811157083,464608750,13497199125,567298833,18406003250,10834555459,0,0
tiny-yolov3-11,node-238-add,6,update,125086208,15970542,1858559958,1790819667,465696500,4906247333,572828042,9781780375,2371255292,160,117
squeezenet1.1-7,node-63-relu,6,rebuild,120363167,6363959,325303333,309403208,303615083,1466361708,78327250,2616294333,999957959,0,0
squeezenet1.1-7,node-63-relu,6,update,124492041,4012375,326208750,283036792,297522000,578413875,78337708,1698836042,164067750,36,31
densenet-12,node-5-add,0,rebuild,128142042,84771834,1740462333,6643161041,2700734625,37799232875,522222250,49667118250,29961171417,0,0
densenet-12,node-5-add,0,update,123400625,43744959,1673523334,6628066916,2742048292,8494195750,525900125,20282384750,1397594250,603,414
tiny-yolov3-11,node-176-add,4,update,128249208,12906833,1834840833,1790045542,454720833,4940186625,567057833,9775454083,2433099958,160,117
tiny-yolov3-11,node-176-add,4,rebuild,129241834,20231250,1844656375,1784737250,453906333,13435544292,550173041,18264998959,10774883542,0,0
densenet-12,node-907-relu,2,rebuild,125679625,70209499,1642950375,6542849709,2642981625,37461352958,515773167,49053765333,29828872250,0,0
densenet-12,node-907-relu,2,update,125265292,52238958,1633357458,6421507375,2661519291,8235446959,529964458,19714381583,1284656417,603,414
densenet-12,node-907-relu,0,update,129264375,41904750,1642768708,6537930875,2699900833,8348873333,540759709,19996078083,1296346584,603,414
densenet-12,node-907-relu,0,rebuild,128114167,67065500,1668458584,6660097292,2627334625,37482932417,522616916,49210945709,29766727250,0,0
squeezenet1.1-7,node-63-relu,3,update,120620000,4012333,321626000,284521334,291130333,571116500,76470833,1676086834,166125500,36,31
squeezenet1.1-7,node-63-relu,3,rebuild,122056708,6825417,323550125,291370417,303283667,1377342375,77952458,2508847875,922946292,0,0
squeezenet1.1-7,node-34-relu,8,update,117089333,3687250,326076834,289172375,295436250,581129625,77640416,1697378542,165179708,36,32
squeezenet1.1-7,node-34-relu,8,rebuild,125720209,6920875,323754917,295017916,293816625,1386953500,76935917,2516469500,934426625,0,0
tiny-yolov3-11,node-176-add,2,update,125914208,14020959,1872107125,1752498708,460270541,4825145792,570727041,9666864083,2314665417,160,117
tiny-yolov3-11,node-176-add,2,rebuild,126641791,23288332,1837291000,1801622000,459586500,13459893500,570263084,18326625750,10857224084,0,0
squeezenet1.1-7,node-63-relu,2,update,119081291,3589791,326163792,282459917,296223209,566468375,76945292,1678197667,162853208,36,31
squeezenet1.1-7,node-63-relu,2,rebuild,102908250,6746959,323529917,295563250,304273500,1397150125,76596708,2513816084,943229666,0,0
densenet-12,node-5-add,1,rebuild,127949583,77971666,1667960500,6450731500,2630325250,36571915959,527562625,48105893083,28966543833,0,0
densenet-12,node-5-add,1,update,129460875,41507625,1640123625,6434229958,2768777333,8275611584,525051791,19868572625,1326534000,603,414
squeezenet1.1-7,node-1-relu,0,rebuild,120190625,6396499,322359458,296890000,298450958,1388289167,76779125,2516188625,929748125,0,0
squeezenet1.1-7,node-1-relu,0,update,118386334,3583167,326002584,283859625,297758291,578602250,78300375,1693097792,166188334,36,31
tiny-yolov3-11,node-260-add,2,rebuild,124460084,16920000,1876646917,1756987542,457723250,13179148042,560851791,18018998208,10638257333,0,0
tiny-yolov3-11,node-260-add,2,update,124785250,13752333,1867619458,1750127125,458392250,4750974125,567868542,9579976250,2241039334,160,117
densenet-12,node-456-relu,7,update,130391792,42459332,1654813000,6407382875,2619353334,8423292292,534013917,19866760666,1429365708,603,415
densenet-12,node-456-relu,7,rebuild,129342625,81858625,1629902083,6614218084,2680066042,36609300833,517726083,48318464583,28852463958,0,0
densenet-12,node-907-relu,5,update,130135125,43616499,1658334250,6470968000,2647878625,8349299250,530728542,19884567500,1276772666,603,414
densenet-12,node-907-relu,5,rebuild,132955625,81786958,1631115542,6518221875,2616372417,37704703459,516473833,49250452583,29827437500,0,0
squeezenet1.1-7,node-63-relu,9,update,117349583,3754584,327597916,292347875,297868125,569681250,78087416,1693534667,162556292,36,31
squeezenet1.1-7,node-63-relu,9,rebuild,120895250,7105958,328205584,294121042,293110292,1378937083,77827042,2506976709,926807583,0,0
densenet-12,node-5-add,3,rebuild,128760209,80038459,1669878250,6527667666,2661648125,37727819875,516865292,49373411083,29886443708,0,0
densenet-12,node-5-add,3,update,125301167,40703375,1650237500,6478092875,2723457500,8272895083,539402917,19878011750,1310891541,603,414
densenet-12,node-907-relu,3,update,127226958,42349167,1645678333,6635530083,2676512583,8188562083,520605542,19891603375,1261889666,603,414
densenet-12,node-907-relu,3,rebuild,129529000,68637334,1643555834,6531181333,2714462333,36506631625,517876083,48158068042,28802587542,0,0
squeezenet1.1-7,node-1-relu,6,update,120870292,3765916,326790750,276441042,297461292,569447000,76815625,1678385417,165718458,36,31
squeezenet1.1-7,node-1-relu,6,rebuild,117792500,7383375,324671292,340092584,313726250,1408855625,76623958,2595915917,929763875,0,0
squeezenet1.1-7,node-63-relu,1,rebuild,116343375,7019792,326917666,297065458,293237459,1375628000,76867792,2500175250,923760541,0,0
squeezenet1.1-7,node-63-relu,1,update,118853041,3443750,329641542,286180542,296320917,581085000,78135375,1700666084,169341583,36,31
densenet-12,node-456-relu,8,rebuild,127667625,79687750,1626787041,6570156000,2686341500,37679667625,522318500,49344058291,29878641667,0,0
densenet-12,node-456-relu,8,update,130318583,37691000,1662067666,6413962500,2619616334,8289567042,528635750,19734378917,1266990000,603,415
squeezenet1.1-7,node-34-relu,5,update,102553417,3871083,328106625,295619875,306066500,599733209,75024708,1717619209,169231917,36,32
squeezenet1.1-7,node-34-relu,5,rebuild,124396667,6815250,333934541,296596417,293713583,1390907875,77677750,2531057708,939210000,0,0
squeezenet1.1-7,node-34-relu,9,rebuild,122523417,6146584,324976584,295692125,293097042,1399608583,75700208,2524491125,942199084,0,0
squeezenet1.1-7,node-34-relu,9,update,121041250,3397750,327225125,280248000,297565167,571046000,77369708,1684623375,164358542,36,32
squeezenet1.1-7,node-1-relu,1,update,121660792,3902708,328883500,279549500,325957542,568670459,76380458,1711707958,162288708,36,31
squeezenet1.1-7,node-1-relu,1,rebuild,120666333,6021542,330436750,293978333,291883750,1367083125,77231042,2494553625,919791291,0,0
tiny-yolov3-11,node-238-add,0,rebuild,125684292,21090792,1860974834,1805979792,461986416,13262074042,561250166,18145534875,10649473834,0,0
tiny-yolov3-11,node-238-add,0,update,123995084,15528208,1838475500,1772139042,460975209,4821742417,557154333,9634433667,2321003500,160,117
tiny-yolov3-11,node-238-add,9,update,125114792,14091792,1824711625,1785841541,455065416,4832061792,557496542,9640282042,2346076125,160,117
tiny-yolov3-11,node-238-add,9,rebuild,123030292,22541334,1841354833,1779250291,461976834,13277709042,563856542,18114537167,10660910625,0,0
squeezenet1.1-7,node-1-relu,7,update,122043750,3876708,329501333,308170042,297810334,566030791,76855334,1711181125,163383625,36,31
squeezenet1.1-7,node-1-relu,7,rebuild,126186666,6515250,328067250,294486458,290915834,1370280667,76923416,2500027667,919655542,0,0
squeezenet1.1-7,node-63-relu,8,update,115341417,4046834,336056750,295433917,320511500,606227125,82011833,1767243292,176072000,36,31
squeezenet1.1-7,node-63-relu,8,rebuild,114456417,6801583,337195833,310660250,307391875,1486330458,79663042,2649150167,1014404083,0,0
tiny-yolov3-11,node-260-add,0,rebuild,127664125,18518625,1902133000,1745725375,461049292,12981431875,565247041,17847114250,10449580500,0,0
tiny-yolov3-11,node-260-add,0,update,127236500,14348334,1837355292,1721760541,460656667,4664167667,565245083,9437789875,2228795792,160,117
densenet-12,node-456-relu,4,rebuild,128542417,79396917,1649511041,6583961208,2620552125,37557908792,520561541,49192863750,29721713208,0,0
densenet-12,node-456-relu,4,update,125971792,37366208,1684429709,6388062625,2663840042,8180361833,528611625,19658310125,1249477875,603,415
tiny-yolov3-11,node-260-add,6,rebuild,128632625,20216209,1855187083,1764904875,457194292,13158505750,560994208,17991574709,10611519458,0,0
tiny-yolov3-11,node-260-add,6,update,124968417,14626833,1860355792,1743402750,455316458,4655646625,572494042,9470802792,2209305625,160,117
squeezenet1.1-7,node-1-relu,2,rebuild,123219334,6484000,329825417,293828167,291860333,1376068375,77404625,2505373125,922316458,0,0
squeezenet1.1-7,node-1-relu,2,update,119710541,3599958,327140750,283548917,296164875,612500500,77040417,1726380958,193977209,36,31
densenet-12,node-907-relu,1,rebuild,127343542,83529292,1645041375,6526721041,2663752667,37045115125,519398792,48667074084,29307833375,0,0
densenet-12,node-907-relu,1,update,127947333,38463791,1641498625,6417972917,2629938333,8156667625,527379167,19589125042,1249684209,603,414
densenet-12,node-5-add,8,rebuild,128278959,76359833,1632085958,6552398167,2626806250,37368236833,514519625,48953937000,29621262916,0,0
densenet-12,node-5-add,8,update,122637583,39482501,1677900833,6461337417,2700698209,8462486250,531056041,20053218417,1324705666,603,414
densenet-12,node-907-relu,4,rebuild,115753583,95757208,1701553917,6819122125,2889369000,40399028792,571858083,52646035792,31960677958,0,0
densenet-12,node-907-relu,4,update,128166375,40844834,1660695917,6462591458,2678635250,8431371375,530035250,19986016875,1285864291,603,414
tiny-yolov3-11,node-176-add,3,update,127976583,16020709,1894112167,1807853708,463673000,4898958542,570977583,9825981625,2378963875,160,117
tiny-yolov3-11,node-176-add,3,rebuild,127337583,22248625,1884395208,1806128542,466426000,13465579333,569735708,18388859458,10810721833,0,0
densenet-12,node-456-relu,5,update,114184875,42439541,1659388541,6490157459,2677083375,8306478458,534779792,19880348291,1250147250,603,415
densenet-12,node-456-relu,5,rebuild,127316083,88025291,1645128209,6774502292,2701611167,41391763667,519739083,53299693375,31233953250,0,0
tiny-yolov3-11,node-238-add,3,rebuild,126468292,23086583,1850595583,1811145667,464216584,13463555750,571478625,18358867208,10836734333,0,0
tiny-yolov3-11,node-238-add,3,update,127404125,15164291,1860838583,1791486125,472000750,4891547375,575357084,9781102916,2355333250,160,117
tiny-yolov3-11,node-260-add,8,update,129493625,17273708,1864257083,1758503417,464114041,4764240042,571985333,9647975042,2287535292,160,117
tiny-yolov3-11,node-260-add,8,rebuild,125627667,21872167,1879200041,1769142125,459708166,13502610250,570960500,18376523167,10911732000,0,0
squeezenet1.1-7,node-34-relu,0,update,124142958,4184959,326737917,287102458,297383000,574846417,78397166,1699669917,163556833,36,32
squeezenet1.1-7,node-34-relu,0,rebuild,121615000,7089542,326363083,300653542,298667791,1392437750,78880416,2532505417,938313958,0,0
tiny-yolov3-11,node-176-add,9,update,128116500,16119584,1856625875,1819916750,477492125,4993256916,571082125,9911799958,2418169250,160,117
tiny-yolov3-11,node-176-add,9,rebuild,125113167,20646542,1911237458,1873068208,477387458,13934305792,566266458,18960577750,11168871209,0,0
squeezenet1.1-7,node-34-relu,1,update,114988334,4251834,337646292,290870916,306636833,601318584,80263541,1742905125,172922875,36,32
squeezenet1.1-7,node-34-relu,1,rebuild,120483500,7130458,336824333,317574084,305190750,1435053416,78830125,2608334625,963069500,0,0
squeezenet1.1-7,node-34-relu,3,rebuild,118219584,7758750,332249083,337994875,307044666,1469667042,79302708,2659158750,981060083,0,0
squeezenet1.1-7,node-34-relu,3,update,120913875,4611416,337554750,292975875,309100500,593646917,80291500,1746001834,172735833,36,32
tiny-yolov3-11,node-176-add,1,rebuild,125058916,21729000,1896492875,1806236708,459805958,13567113792,588191125,18513585250,10946972667,0,0
tiny-yolov3-11,node-176-add,1,update,124596042,14155667,1873183875,1777767458,465148500,4849111209,565537916,9719897875,2331145333,160,117
densenet-12,node-5-add,2,rebuild,131229333,81110583,1688840833,6643856917,2659264458,39685760292,523867791,51463528459,31725121583,0,0
densenet-12,node-5-add,2,update,127478000,40859916,1687988041,6449112875,2662394166,8352039334,542449041,19920239791,1326966958,603,414
densenet-12,node-5-add,6,rebuild,125263459,79083041,1645192792,6582640208,2606898458,38421668042,516155250,50033933416,30660676667,0,0
densenet-12,node-5-add,6,update,129479042,42271751,1646737125,6592528583,2768311750,8522907500,520847708,20278515625,1364492125,603,414
tiny-yolov3-11,node-176-add,5,update,124188334,16075333,1884484333,1776426542,477855666,4835321250,568034375,9728787208,2324363250,160,117
tiny-yolov3-11,node-176-add,5,rebuild,111755583,21188209,1891917667,1794481083,461101375,13344902208,556135375,18228816417,10694439083,0,0
tiny-yolov3-11,node-238-add,7,rebuild,127306458,21930749,1842392833,1814084667,460606750,13510022667,561121125,18386426292,10842590416,0,0
tiny-yolov3-11,node-238-add,7,update,126908208,15740292,1859206292,1802577458,464100791,4933400250,562566708,9811525083,2380801583,160,117
densenet-12,node-5-add,5,rebuild,125942666,73730917,1658671542,6664714917,2689831500,38681270417,525336666,50474884375,30670182208,0,0
densenet-12,node-5-add,5,update,109458000,40677083,1675704292,6443830042,2800242541,8368094416,539777500,20028041458,1322522000,603,414
tiny-yolov3-11,node-176-add,7,update,163376834,14582291,1851619625,1817926375,462064375,4871577833,556089459,9783466958,2340202541,160,117
tiny-yolov3-11,node-176-add,7,rebuild,125183209,22073750,1857593292,1772990125,455907333,13328385083,563656917,18170999291,10731170917,0,0
squeezenet1.1-7,node-34-relu,2,rebuild,105560583,6207291,324942667,307289834,309326208,1390454125,75527333,2526008125,936911208,0,0
squeezenet1.1-7,node-34-relu,2,update,124903667,3548709,325673792,280552125,292712000,570650958,77958708,1683094209,164306125,36,32
squeezenet1.1-7,node-34-relu,7,update,119412208,3530208,326944458,285181167,298601000,590155333,77374084,1708114458,171889125,36,32
squeezenet1.1-7,node-34-relu,7,rebuild,120918708,6379876,322653208,298745375,295162166,1405322416,75881792,2531627875,944481625,0,0
densenet-12,node-456-relu,1,update,130088084,39977167,1653945084,6455991833,2684538375,8349172917,532962958,19901350208,1285948417,603,415
densenet-12,node-456-relu,1,rebuild,130150583,79643709,1682665833,6556144875,2635938583,37650208250,516917708,49305000542,29795850209,0,0
squeezenet1.1-7,node-63-relu,7,update,123115042,3895375,324921667,286383791,299508500,571160500,77156792,1692938000,163779917,36,31
squeezenet1.1-7,node-63-relu,7,rebuild,122373792,6993082,330339000,297781417,293928958,1379880083,78038459,2516462584,926385375,0,0
tiny-yolov3-11,node-176-add,8,update,111221125,16001625,1854703459,1784633041,478339875,4805179709,570390375,9666911833,2295598333,160,117
tiny-yolov3-11,node-176-add,8,rebuild,127458792,21314792,1882065959,1788365625,465624667,13152285750,565152500,18047342166,10542406667,0,0
tiny-yolov3-11,node-260-add,7,rebuild,129362291,20655501,1851899792,1762585166,459414167,13099665167,561509375,17931151000,10570522542,0,0
tiny-yolov3-11,node-260-add,7,update,124885417,14236000,1839612083,1740871209,460362917,4678215500,573859291,9480432458,2216381916,160,117
tiny-yolov3-11,node-260-add,5,update,128370666,15835750,1882020167,1715720833,470582667,4707371458,563592292,9529249000,2231059209,160,117
tiny-yolov3-11,node-260-add,5,rebuild,128888292,29242709,1914210917,1765626416,455019292,13399823917,591952042,18331625500,10767705792,0,0
densenet-12,node-907-relu,8,update,127207000,39909750,1658978875,6449286375,2586606541,8228291000,527312166,19668784667,1248348000,603,414
densenet-12,node-907-relu,8,rebuild,126795000,80147834,1633312959,6607740833,2687242458,37194944333,522689625,48903468125,29260740416,0,0
squeezenet1.1-7,node-34-relu,6,update,117363000,3823958,334218167,285215875,297418792,589685375,78991792,1714064125,169393125,36,32
squeezenet1.1-7,node-34-relu,6,rebuild,123123542,8073417,337360750,320637667,317587000,1444079000,79400708,2638284834,976404084,0,0
tiny-yolov3-11,node-260-add,9,update,116085375,17631207,1961991834,1890468834,493497208,5074994208,591662917,10204087125,2445083958,160,117
tiny-yolov3-11,node-260-add,9,rebuild,126515750,28500916,1980572500,1910331334,486084834,14572408291,607849167,19767952334,11769954667,0,0
densenet-12,node-456-relu,6,update,125553250,48751126,1678630792,6780396667,2781661000,8741481833,532727333,20740192459,1354842000,603,415
densenet-12,node-456-relu,6,rebuild,130556959,93827625,1663147958,8117299541,3426752250,40087670625,524147542,54099381416,31964904875,0,0
tiny-yolov3-11,node-260-add,4,rebuild,127476792,23177666,1903862041,2057401458,479457208,14450931542,570768000,19664495083,10990855084,0,0
tiny-yolov3-11,node-260-add,4,update,130271417,19217167,1865656750,2076920417,590324458,4866155458,583803833,10179410667,2281907292,160,117
densenet-12,node-456-relu,3,rebuild,121621833,104901333,1677318084,8078558459,2963832375,50758610416,525135542,64292804584,41609011292,0,0
densenet-12,node-456-relu,3,update,125650875,52981958,1742300292,8696407000,2838621792,8634505833,532375417,22679171291,1262164167,603,415
densenet-12,node-5-add,4,update,135935541,96673750,1992005458,9414872833,4825301042,12938471625,834442750,30298347375,2332455792,603,414
densenet-12,node-5-add,4,rebuild,194452125,134734457,2045450166,8473274417,5049101875,42743034167,622582375,59329809458,34416084292,0,0
densenet-12,node-456-relu,0,update,125507416,42516541,1668352791,9515696959,2777182458,12831109708,538018375,27551201250,1508350375,603,415
densenet-12,node-456-relu,0,rebuild,126127375,88552833,1647474166,6634612334,2709990042,40350609041,534678167,52150278458,32448376583,0,0
squeezenet1.1-7,node-1-relu,3,rebuild,120146625,7074459,327892166,300610166,300487792,1401727959,77402541,2543345041,944246959,0,0
squeezenet1.1-7,node-1-relu,3,update,119987084,3543958,327831750,288990292,299386000,586940000,77910666,1711617459,165531459,36,31
squeezenet1.1-7,node-63-relu,5,update,122971833,4151792,333108583,295216750,302054916,592523958,81655875,1738824416,167069125,36,31
squeezenet1.1-7,node-63-relu,5,rebuild,121334917,6455959,331340000,297327208,301001583,1429581834,78414083,2572165292,962822666,0,0
densenet-12,node-456-relu,2,update,133320541,44451749,1709181083,7587105084,4091249708,9944087750,537922500,24102206667,1299437208,603,415
densenet-12,node-456-relu,2,rebuild,127409583,77073458,1652700959,6616880375,2629474292,37001900542,521179833,48683492750,29036110500,0,0
tiny-yolov3-11,node-260-add,1,rebuild,128834334,20437375,1865887500,1739005291,449577084,13021850500,566912834,17838741625,10495445542,0,0
tiny-yolov3-11,node-260-add,1,update,128569916,16129791,1911799166,1734439334,463428208,4782834708,574869208,9664678125,2222441542,160,117
squeezenet1.1-7,node-1-relu,8,update,117322791,3842750,365983541,303487875,322995791,643842792,80810500,1850102834,189304959,36,31
squeezenet1.1-7,node-1-relu,8,rebuild,119556959,6792042,334106708,295971625,293636709,1388909583,78993125,2524769375,933739666,0,0
tiny-yolov3-11,node-176-add,6,update,113227250,14963041,1938264500,1797752625,493841041,4887667125,557545542,9853364791,2354163708,160,117
tiny-yolov3-11,node-176-add,6,rebuild,129829292,21980334,1841185333,1786838792,470775000,13690788250,555761208,18545592792,10998391042,0,0
tiny-yolov3-11,node-238-add,5,update,122044375,13795584,2075156750,1968958333,483701083,5262041292,562113208,10553155583,2564812583,160,117
tiny-yolov3-11,node-238-add,5,rebuild,136226208,23468542,2172416333,2216273834,497928750,14401725458,618741708,20121592250,11387924834,0,0
densenet-12,node-907-relu,6,rebuild,124795292,78650500,1647749834,6560783916,2769335208,37998732125,521710417,49753148250,30140084041,0,0
densenet-12,node-907-relu,6,update,127514000,44815292,1685536667,6835373584,2755294292,8421392708,529869708,20451659250,1240759416,603,414
tiny-yolov3-11,node-238-add,1,rebuild,124055000,22513750,1844545333,1960667125,469986208,13858391000,570665208,18898026500,10991934416,0,0
tiny-yolov3-11,node-238-add,1,update,129350209,17224208,2119879916,1863092000,501696584,6810949750,848896625,12343616667,3621418291,160,117
tiny-yolov3-11,node-238-add,2,update,121178875,16659042,1875806167,1802013375,485722583,4852982875,583434625,9786523834,2327880125,160,117
tiny-yolov3-11,node-238-add,2,rebuild,127666416,22743959,1898012583,1846851042,461769125,14145908916,561409750,19110867833,11588396250,0,0
densenet-12,node-907-relu,7,rebuild,116474500,82189918,1632099625,6562583625,2813467333,37525134250,510689916,49316348792,29544247708,0,0
densenet-12,node-907-relu,7,update,124903250,33955416,1768287125,6856771625,2747579042,9744354250,523695167,21855274875,1283663875,603,414
tiny-yolov3-11,node-238-add,4,rebuild,166404167,22141583,1908598333,1810485542,460758083,13308315667,557615708,18285636125,10711853083,0,0
tiny-yolov3-11,node-238-add,4,update,128764875,14076459,1865366542,1753827458,454479708,4824940958,575543167,9672206959,2311724833,160,117
tiny-yolov3-11,node-238-add,8,rebuild,127806166,22271999,1898166167,1810589208,456660042,13314768125,562449334,18243103250,10732531000,0,0
tiny-yolov3-11,node-238-add,8,update,128639542,14788209,1877317083,1778634792,462519542,4982488083,564062583,9860578250,2392802834,160,117
squeezenet1.1-7,node-63-relu,0,rebuild,104352542,7247708,328648208,313974708,300487166,1367887542,77096625,2507045833,914428250,0,0
squeezenet1.1-7,node-63-relu,0,update,121077708,3541583,325064250,280484125,294090000,588944667,77798833,1698543125,168946708,36,31
squeezenet1.1-7,node-1-relu,5,rebuild,121417125,6800125,324102750,298103875,302803917,1353512792,76697958,2490964583,911637875,0,0
squeezenet1.1-7,node-1-relu,5,update,124022625,3653917,325228500,277218708,293987334,565006459,75423291,1671952291,161671875,36,31
squeezenet1.1-7,node-1-relu,9,rebuild,122970375,6957292,333818917,292628458,293234250,1386367042,78892333,2522329833,938006291,0,0
squeezenet1.1-7,node-1-relu,9,update,118313292,3937667,329433584,279384542,297228542,598878166,77586667,1711768125,180202333,36,31
squeezenet1.1-7,node-63-relu,4,update,120075125,4009500,331347625,284953167,292666625,589919041,79037917,1709419208,167036042,36,31
squeezenet1.1-7,node-63-relu,4,rebuild,123671500,6802125,325507583,334879583,298244958,1366034667,76548333,2538553042,918544333,0,0
squeezenet1.1-7,node-1-relu,4,rebuild,120911834,7339417,329180375,295724041,292571125,1368168875,78079250,2500300167,919450500,0,0
squeezenet1.1-7,node-1-relu,4,update,120157917,4395833,329324167,279823917,305222000,566438667,76628750,1689317708,162970958,36,31
tiny-yolov3-11,node-176-add,0,update,122692209,15889250,1951044917,1776259709,472898750,4813409916,544782125,9751087250,2308237459,160,117
tiny-yolov3-11,node-176-add,0,rebuild,125768750,22145875,1868302542,1797355666,456971583,13395713209,554668541,18272562375,10784721917,0,0
