case_id,edit_id,backend,rebuild_correct,rebuild_q25_s,rebuild_median_s,rebuild_q75_s,update_correct,update_q25_s,update_median_s,update_q75_s,speedup_q25,speedup_median,speedup_q75
densenet-12,node-5-add,joggle,10,49.29776452075,49.850525833000006,51.216367438000006,10,19.88856876025,20.0406299375,20.223846521,2.443096003527204,2.473645217238772,2.511113124554698
densenet-12,node-5-add,tvm,10,10.376970281250001,10.483930874999999,10.571740886,10,10.46704306225,10.5936478335,10.651787896,0.9838986906863393,0.9897496153085945,1.001149637550311
densenet-12,node-5-add,onnx-mlir,10,10.580279042,10.8568041875,11.0493863025,10,10.673083948,10.757285479,11.2501705105,0.9911584269264063,0.9951153545346858,1.0012984829715552
densenet-12,node-456-relu,joggle,10,48.810835499999996,49.3245294165,53.01233964575,10,19.87015757225,19.9503168335,22.194426583,2.424725656213013,2.488940565633217,2.5819228261504756
densenet-12,node-456-relu,tvm,10,10.49626172925,10.5327234795,10.564553436999999,10,10.6376320315,10.6892609165,10.728682708500001,0.9805615796965688,0.9895903226282914,0.9931218475185531
densenet-12,node-456-relu,onnx-mlir,10,10.919156823,10.9874968335,11.032529541999999,10,10.945585510499999,11.0039636665,11.07702949975,0.9949416213009309,0.9989591292002876,1.0009147773281553
densenet-12,node-907-relu,joggle,10,48.941042427,49.230699146,49.6439483855,10,19.75692806225,19.938810125,20.33776395825,2.439797021911666,2.479649016685591,2.485860051090821
densenet-12,node-907-relu,tvm,10,10.35347766625,10.474198833500001,10.52961614575,10,10.588247146,10.605986250499999,10.616428927,0.9857660547919436,0.9869556202903869,0.9889680610317884
densenet-12,node-907-relu,onnx-mlir,10,10.651321458,10.809129104,11.023937781499999,10,10.7019233335,10.868070895999999,10.998459208500002,0.9936003461680935,0.9985380806928141,1.0036770625096685
squeezenet1.1-7,node-1-relu,joggle,10,2.5000957919999998,2.510780875,2.5241594895,10,1.690262729,1.7113992919999998,1.71175308325,1.4582595991183882,1.4767940834501703,1.4860913558262607
squeezenet1.1-7,node-1-relu,tvm,10,1.08248449975,1.084625479,1.085797479,10,1.0818728017500001,1.0842065415,1.11231350025,0.993410417812454,1.0009128705433668,1.0048761028672835
squeezenet1.1-7,node-1-relu,onnx-mlir,10,2.001850677,2.096947438,2.1208181982500003,10,1.97844895775,2.0685715205,2.16791029125,0.9875743478669173,0.999376588639985,1.0183587100041835
squeezenet1.1-7,node-34-relu,joggle,10,2.52727052075,2.5320666459999996,2.60679364575,10,1.6979513857500002,1.7110892915,1.7365836460000001,1.4822293878340673,1.493271308078166,1.5002463788719607
squeezenet1.1-7,node-34-relu,tvm,10,1.090962969,1.0942103539999999,1.095585146,10,1.09146050025,1.0967043749999998,1.1071098747500001,0.988630011845042,0.9965850419042104,1.0130996119156295
squeezenet1.1-7,node-34-relu,onnx-mlir,10,1.97882044825,2.034850542,2.1061814275,10,1.99810868775,2.0603531459999997,2.1393909165,0.9877332944092575,0.9918293680479362,1.0078450407500255
squeezenet1.1-7,node-63-relu,joggle,10,2.5074963434999997,2.515139334,2.5637622295,10,1.69308716675,1.6986895835,1.707230927,1.4795220127414141,1.4857426557951547,1.4976566708533932
squeezenet1.1-7,node-63-relu,tvm,10,1.074686198,1.0777272290000002,1.0806984477500001,10,1.08184927075,1.0888583335000002,1.1035975205000002,0.9763877352644718,0.9866926568339841,0.9916669878298072
squeezenet1.1-7,node-63-relu,onnx-mlir,10,1.9643074685,2.0101950625000002,2.1192494065,10,1.9642759172500002,1.998540833,2.12105394775,0.9928329567888994,0.9984292011136237,1.003364246964241
tiny-yolov3-11,node-176-add,joggle,10,18.2378620525,18.2995940625,18.482403802,10,9.722120208249999,9.763270666499999,9.815352958250001,1.86920463774623,1.873799373130882,1.8924039261685985
tiny-yolov3-11,node-176-add,tvm,0,,,,0,,,,,,
tiny-yolov3-11,node-176-add,onnx-mlir,10,2.7727411982500003,2.7975902505,2.805208677,10,2.74785385425,2.7761588545,2.8130165317499998,0.9917743026793255,1.004042797949782,1.0111760854008116
tiny-yolov3-11,node-238-add,joggle,10,18.25373646875,18.37264675,18.7750206875,10,9.69943094825,9.7841521045,9.84831495825,1.8747148646910783,1.88035413485638,1.888751604069311
tiny-yolov3-11,node-238-add,tvm,0,,,,0,,,,,,
tiny-yolov3-11,node-238-add,onnx-mlir,10,2.75576339575,2.7718443125,2.8073402187500003,10,2.771842344,2.808334771,2.8413823645000003,0.9795493814610645,0.9931451688527386,1.0020462851836804
tiny-yolov3-11,node-260-add,joggle,10,17.94625692725,18.0292024375,18.36529875025,10,9.492636593499999,9.613975646,9.936357999750001,1.883433352189091,1.8955368984239915,1.918967115505945
tiny-yolov3-11,node-260-add,tvm,0,,,,0,,,,,,
tiny-yolov3-11,node-260-add,onnx-mlir,10,2.7561926562499997,2.7987937085,2.843608427,10,2.7819689060000004,2.7973459375000003,2.8609566975,0.9894185375478592,0.9924723347019921,1.016270660387801
