subject_kind,subject,variant,family,system_revision,subject_hash,input_digest,correct,reason,samples,median_ns,p95_ns,latency_over_ort,p95_over_ort_median
model,densenet-12,joggle-optimized,,40fc9288722d4f204fc0e0b32fa2c21691fb186e,0294e7e88e5b3360de9b0fdc321baf9e6ef18b7f058c4536caae3b9f18ed9ed5,f4f558bdb2d6345356fe7837cca768d91560596e984bcb84c762742953435df7,True,,100,710851500.0,719633100.0,41.26614733797629,41.77593426177567
model,densenet-12,joggle-unoptimized,,40fc9288722d4f204fc0e0b32fa2c21691fb186e,0294e7e88e5b3360de9b0fdc321baf9e6ef18b7f058c4536caae3b9f18ed9ed5,f4f558bdb2d6345356fe7837cca768d91560596e984bcb84c762742953435df7,True,,100,1922897000.0,1981592200.0,111.62746497370068,115.03482188471794
model,densenet-12,onnxruntime,,onnxruntime-1.26.0,0294e7e88e5b3360de9b0fdc321baf9e6ef18b7f058c4536caae3b9f18ed9ed5,f4f558bdb2d6345356fe7837cca768d91560596e984bcb84c762742953435df7,True,,100,17226020.5,20607188.95,1.0,1.1962826208177333
model,efficientnet-lite4-11-int8,joggle-optimized,,40fc9288722d4f204fc0e0b32fa2c21691fb186e,2b3cbb5077262b20df565dacddecb3724c0976c35029a87e512d13aa4eff04a2,1d73dfd1fae4dfe06c7851ccb40da0fd3a8a73a181a85c287a5a7cc60f620958,False,unsupported:oracle:tolerance,0,,,,
model,efficientnet-lite4-11-int8,joggle-unoptimized,,40fc9288722d4f204fc0e0b32fa2c21691fb186e,2b3cbb5077262b20df565dacddecb3724c0976c35029a87e512d13aa4eff04a2,1d73dfd1fae4dfe06c7851ccb40da0fd3a8a73a181a85c287a5a7cc60f620958,False,unsupported:oracle:tolerance,0,,,,
model,efficientnet-lite4-11-int8,onnxruntime,,onnxruntime-1.26.0,2b3cbb5077262b20df565dacddecb3724c0976c35029a87e512d13aa4eff04a2,1d73dfd1fae4dfe06c7851ccb40da0fd3a8a73a181a85c287a5a7cc60f620958,True,,100,10417375.5,10564196.15,1.0,1.014093823343509
model,efficientnet-lite4-11-qdq,joggle-optimized,,40fc9288722d4f204fc0e0b32fa2c21691fb186e,6837d0b19625d4aff8266d7197a7f3775afd82a8c40f9fd0283d52db4955566f,9a5231b55407a726a469d9b752df56fd666b18a718dfd7256d698666e95344bf,False,unsupported:oracle:tolerance,0,,,,
model,efficientnet-lite4-11-qdq,joggle-unoptimized,,40fc9288722d4f204fc0e0b32fa2c21691fb186e,6837d0b19625d4aff8266d7197a7f3775afd82a8c40f9fd0283d52db4955566f,9a5231b55407a726a469d9b752df56fd666b18a718dfd7256d698666e95344bf,False,unsupported:oracle:tolerance,0,,,,
model,efficientnet-lite4-11-qdq,onnxruntime,,onnxruntime-1.26.0,6837d0b19625d4aff8266d7197a7f3775afd82a8c40f9fd0283d52db4955566f,9a5231b55407a726a469d9b752df56fd666b18a718dfd7256d698666e95344bf,True,,100,10544958.0,10963929.45,1.0,1.0397319221186085
model,googlenet-12,joggle-optimized,,40fc9288722d4f204fc0e0b32fa2c21691fb186e,c99c507058eaf41de8723408fdda7db8325cb57f0a89f2ee07a716d6e963e14e,ccae07985dda48a2134c3d840eb10667630c7c9986d5ef1a9b4318e1dd6bc735,True,,100,264875000.0,269898600.0,20.40829456271025,20.795356794197673
model,googlenet-12,joggle-unoptimized,,40fc9288722d4f204fc0e0b32fa2c21691fb186e,c99c507058eaf41de8723408fdda7db8325cb57f0a89f2ee07a716d6e963e14e,ccae07985dda48a2134c3d840eb10667630c7c9986d5ef1a9b4318e1dd6bc735,True,,100,962955500.0,984403050.0,74.19454268912479,75.84705016641958
model,googlenet-12,onnxruntime,,onnxruntime-1.26.0,c99c507058eaf41de8723408fdda7db8325cb57f0a89f2ee07a716d6e963e14e,ccae07985dda48a2134c3d840eb10667630c7c9986d5ef1a9b4318e1dd6bc735,True,,100,12978791.5,15405117.0,1.0,1.1869454101331391
model,mnist-8,joggle-optimized,,40fc9288722d4f204fc0e0b32fa2c21691fb186e,2f06e72de813a8635c9bc0397ac447a601bdbfa7df4bebc278723b958831c9bf,dacdbe675ae83e74e4fc2b1d7b5c52c4b34768d403f28a63dd534cae47e11394,True,,100,211000.0,263000.0,4.781869688385269,5.960339943342777
model,mnist-8,joggle-unoptimized,,40fc9288722d4f204fc0e0b32fa2c21691fb186e,2f06e72de813a8635c9bc0397ac447a601bdbfa7df4bebc278723b958831c9bf,dacdbe675ae83e74e4fc2b1d7b5c52c4b34768d403f28a63dd534cae47e11394,True,,100,378500.0,600400.0,8.577903682719548,13.606798866855524
model,mnist-8,onnxruntime,,onnxruntime-1.26.0,2f06e72de813a8635c9bc0397ac447a601bdbfa7df4bebc278723b958831c9bf,dacdbe675ae83e74e4fc2b1d7b5c52c4b34768d403f28a63dd534cae47e11394,True,,100,44125.0,45256.25,1.0,1.0256373937677055
model,mobilenetv2-7,joggle-optimized,,40fc9288722d4f204fc0e0b32fa2c21691fb186e,c1c513582d56afceff8516c73804e484c81c6a830712ab6d682253f4a3cd042f,259e113cff81a47dcc791f53d3a06f09d6764febcd91e996ae399735ef86dca2,True,,100,86854500.0,116004349.99999997,14.439200773043234,19.285242563095494
model,mobilenetv2-7,joggle-unoptimized,,40fc9288722d4f204fc0e0b32fa2c21691fb186e,c1c513582d56afceff8516c73804e484c81c6a830712ab6d682253f4a3cd042f,259e113cff81a47dcc791f53d3a06f09d6764febcd91e996ae399735ef86dca2,True,,100,192937000.0,193686050.0,32.07497688143553,32.19950334050269
model,mobilenetv2-7,onnxruntime,,onnxruntime-1.26.0,c1c513582d56afceff8516c73804e484c81c6a830712ab6d682253f4a3cd042f,259e113cff81a47dcc791f53d3a06f09d6764febcd91e996ae399735ef86dca2,True,,100,6015187.5,6079891.35,1.0,1.0107567469841963
model,resnet18-v1-7,joggle-optimized,,40fc9288722d4f204fc0e0b32fa2c21691fb186e,4e8f8653e7a2222b3904cc3fe8e304cd8b339ce1d05fd24688162f86fb6df52c,2c0f60f4153324316c0ec83602f229d51ecf39bc32ad470a455c341bf3655ae3,True,,100,841908500.0,855074350.0,58.320152723968356,59.2321691518116
model,resnet18-v1-7,joggle-unoptimized,,40fc9288722d4f204fc0e0b32fa2c21691fb186e,4e8f8653e7a2222b3904cc3fe8e304cd8b339ce1d05fd24688162f86fb6df52c,2c0f60f4153324316c0ec83602f229d51ecf39bc32ad470a455c341bf3655ae3,True,,100,1172502000.0,1192995150.0,81.22081640600891,82.64040492161979
model,resnet18-v1-7,onnxruntime,,onnxruntime-1.26.0,4e8f8653e7a2222b3904cc3fe8e304cd8b339ce1d05fd24688162f86fb6df52c,2c0f60f4153324316c0ec83602f229d51ecf39bc32ad470a455c341bf3655ae3,True,,100,14435979.0,14941919.1,1.0,1.0350471623711839
model,shufflenet-v2-12,joggle-optimized,,40fc9288722d4f204fc0e0b32fa2c21691fb186e,ea69821b4dd374ae2f33f9710dd1229ac263d0ee5b5a46ca3521f6483e1ba035,a74d415ff8c20811b44778362d61432cf037da9e67c4610b1a646e7e47c2cc7d,True,,100,26986500.0,27202150.0,14.085576670132408,14.198134971835632
model,shufflenet-v2-12,joggle-unoptimized,,40fc9288722d4f204fc0e0b32fa2c21691fb186e,ea69821b4dd374ae2f33f9710dd1229ac263d0ee5b5a46ca3521f6483e1ba035,a74d415ff8c20811b44778362d61432cf037da9e67c4610b1a646e7e47c2cc7d,True,,100,66556500.0,68023400.0,34.739098573200216,35.504745560301814
model,shufflenet-v2-12,onnxruntime,,onnxruntime-1.26.0,ea69821b4dd374ae2f33f9710dd1229ac263d0ee5b5a46ca3521f6483e1ba035,a74d415ff8c20811b44778362d61432cf037da9e67c4610b1a646e7e47c2cc7d,True,,100,1915896.0,2013943.75,1.0,1.0511759249980166
model,squeezenet1.0-13-qdq,joggle-optimized,,40fc9288722d4f204fc0e0b32fa2c21691fb186e,4a567dd7542ef440890d57268fabf47211174c593d7a1837bd7f16a1067169e7,230a37f65baac24fecc106088e9ae204203260c85aa8d8a6ea8195921a9828ce,True,,100,57060000.0,58282250.0,22.482641556716068,22.964229510496235
model,squeezenet1.0-13-qdq,joggle-unoptimized,,40fc9288722d4f204fc0e0b32fa2c21691fb186e,4a567dd7542ef440890d57268fabf47211174c593d7a1837bd7f16a1067169e7,230a37f65baac24fecc106088e9ae204203260c85aa8d8a6ea8195921a9828ce,True,,100,186225500.0,191658900.0,73.37611575920484,75.51697073001208
model,squeezenet1.0-13-qdq,onnxruntime,,onnxruntime-1.26.0,4a567dd7542ef440890d57268fabf47211174c593d7a1837bd7f16a1067169e7,230a37f65baac24fecc106088e9ae204203260c85aa8d8a6ea8195921a9828ce,True,,100,2537958.0,2568639.25,1.0,1.0120889510385909
model,squeezenet1.1-7,joggle-optimized,,40fc9288722d4f204fc0e0b32fa2c21691fb186e,1eeff551a67ae8d565ca33b572fc4b66e3ef357b0eb2863bb9ff47a918cc4088,a71b904f5421078cbf30ca3930b789e71159ba56f0b8cff4f0f0222ba223a9b3,True,,100,63184500.0,65503250.0,28.71859553434464,29.772512925401966
model,squeezenet1.1-7,joggle-unoptimized,,40fc9288722d4f204fc0e0b32fa2c21691fb186e,1eeff551a67ae8d565ca33b572fc4b66e3ef357b0eb2863bb9ff47a918cc4088,a71b904f5421078cbf30ca3930b789e71159ba56f0b8cff4f0f0222ba223a9b3,True,,100,186969500.0,203492049.99999997,84.98130788023408,92.49113118572807
model,squeezenet1.1-7,onnxruntime,,onnxruntime-1.26.0,1eeff551a67ae8d565ca33b572fc4b66e3ef357b0eb2863bb9ff47a918cc4088,a71b904f5421078cbf30ca3930b789e71159ba56f0b8cff4f0f0222ba223a9b3,True,,100,2200125.0,2275466.65,1.0,1.034244258848929
model,ssd-mobilenetv1-12,joggle-optimized,,40fc9288722d4f204fc0e0b32fa2c21691fb186e,b8fba5e404077d4048d27fcd1667e85e27e192eb9bf51e696c46a3acd7d21058,e528d6a7373aa28fcde929de2dce61d541efaa13a03e0c33a6fc0fe06991b71a,False,unsupported:c.prepare,0,,,,
model,ssd-mobilenetv1-12,joggle-unoptimized,,40fc9288722d4f204fc0e0b32fa2c21691fb186e,b8fba5e404077d4048d27fcd1667e85e27e192eb9bf51e696c46a3acd7d21058,e528d6a7373aa28fcde929de2dce61d541efaa13a03e0c33a6fc0fe06991b71a,False,unsupported:c.prepare,0,,,,
model,ssd-mobilenetv1-12,onnxruntime,,onnxruntime-1.26.0,b8fba5e404077d4048d27fcd1667e85e27e192eb9bf51e696c46a3acd7d21058,e528d6a7373aa28fcde929de2dce61d541efaa13a03e0c33a6fc0fe06991b71a,True,,100,12536063.0,13423753.85,1.0,1.0708109755032342
model,tiny-yolov3-11,joggle-optimized,,40fc9288722d4f204fc0e0b32fa2c21691fb186e,f715cc2d99740d22d312777e20d9de2b2ecdc250155be8fd3752ce7e8b823521,0478a1364cbc889095a6eb210998771b6a632bb5d13461ad7245e0a176c29ebc,False,unsupported:c.prepare,0,,,,
model,tiny-yolov3-11,joggle-unoptimized,,40fc9288722d4f204fc0e0b32fa2c21691fb186e,f715cc2d99740d22d312777e20d9de2b2ecdc250155be8fd3752ce7e8b823521,0478a1364cbc889095a6eb210998771b6a632bb5d13461ad7245e0a176c29ebc,False,unsupported:c.prepare,0,,,,
model,tiny-yolov3-11,onnxruntime,,onnxruntime-1.26.0,f715cc2d99740d22d312777e20d9de2b2ecdc250155be8fd3752ce7e8b823521,0478a1364cbc889095a6eb210998771b6a632bb5d13461ad7245e0a176c29ebc,True,,100,16769521.0,18579779.15,1.0,1.1079493057672904
model,tinyyolov2-8,joggle-optimized,,40fc9288722d4f204fc0e0b32fa2c21691fb186e,583fb7fdc948435ceac9fa82efc7708701efe8382a859a3dd46526b155f5f2ae,16284dd74254eadc602e0cc26553b5a99e316388e16f7b1331512aff1e937185,True,,100,499883000.0,505802200.0,25.18111981462358,25.479293756139334
model,tinyyolov2-8,joggle-unoptimized,,40fc9288722d4f204fc0e0b32fa2c21691fb186e,583fb7fdc948435ceac9fa82efc7708701efe8382a859a3dd46526b155f5f2ae,16284dd74254eadc602e0cc26553b5a99e316388e16f7b1331512aff1e937185,True,,100,2372699500.0,2405476850.0,119.52242903558925,121.17355615444677
model,tinyyolov2-8,onnxruntime,,onnxruntime-1.26.0,583fb7fdc948435ceac9fa82efc7708701efe8382a859a3dd46526b155f5f2ae,16284dd74254eadc602e0cc26553b5a99e316388e16f7b1331512aff1e937185,True,,100,19851500.0,21989470.549999997,1.0,1.1076981865350224
model,ultraface-rfb-320,joggle-optimized,,40fc9288722d4f204fc0e0b32fa2c21691fb186e,34cd7e60aeff28744c657de7a3dc64e872d506741de66987f3426f2b79f88017,04e23420717372a03e5d5506d462a6959701caadd6483f6715af81180fd54831,True,,100,20761000.0,21156300.0,5.6846037486732115,5.792841495499015
model,ultraface-rfb-320,joggle-unoptimized,,40fc9288722d4f204fc0e0b32fa2c21691fb186e,34cd7e60aeff28744c657de7a3dc64e872d506741de66987f3426f2b79f88017,04e23420717372a03e5d5506d462a6959701caadd6483f6715af81180fd54831,True,,100,31460500.0,31666600.0,8.614251540635498,8.67068412252469
model,ultraface-rfb-320,onnxruntime,,onnxruntime-1.26.0,34cd7e60aeff28744c657de7a3dc64e872d506741de66987f3426f2b79f88017,04e23420717372a03e5d5506d462a6959701caadd6483f6715af81180fd54831,True,,100,3652145.5,3894470.85,1.0,1.0663515048893863
model,xcit-tiny-12-p8-224-opset17,joggle-optimized,,40fc9288722d4f204fc0e0b32fa2c21691fb186e,b5cffe4f64dbee8d1f9c74442a91611b74fd57925599ae46bccf1f7fa3e57093,972b8c1771665485d8940aa74226a8e880b54a6a96f3a242fd9f68350bceb5e9,True,,100,2955532500.0,3013215000.0,81.54983487892093,83.14142568376012
model,xcit-tiny-12-p8-224-opset17,joggle-unoptimized,,40fc9288722d4f204fc0e0b32fa2c21691fb186e,b5cffe4f64dbee8d1f9c74442a91611b74fd57925599ae46bccf1f7fa3e57093,972b8c1771665485d8940aa74226a8e880b54a6a96f3a242fd9f68350bceb5e9,True,,100,3081521500.0,3131137750.0,85.02615670808721,86.39518140831001
model,xcit-tiny-12-p8-224-opset17,onnxruntime,,onnxruntime-1.26.0,b5cffe4f64dbee8d1f9c74442a91611b74fd57925599ae46bccf1f7fa3e57093,972b8c1771665485d8940aa74226a8e880b54a6a96f3a242fd9f68350bceb5e9,True,,100,36242041.5,37869204.15,1.0,1.0448971024438565
