subject_kind,subject,variant,family,system_revision,subject_hash,input_digest,correct,reason,samples,median_ns,p95_ns,latency_over_ort,p95_over_ort_median
operator,conv-depthwise,joggle-optimized,convolution,cc82ef114093b6d90ca94df05b54a60084585e72,2fa842e74a5cfcbf59217c4e1d85f7cf2fd11e09dc5ef429f8510965e0835d00,0192e6d06df6620604965c8da6bf6a2b176ad673953061cd91fa68788657c570,True,,100,189400.0,287585.0,4.517860337527581,6.859920090643449
operator,conv-depthwise,joggle-unoptimized,convolution,cc82ef114093b6d90ca94df05b54a60084585e72,2fa842e74a5cfcbf59217c4e1d85f7cf2fd11e09dc5ef429f8510965e0835d00,0192e6d06df6620604965c8da6bf6a2b176ad673953061cd91fa68788657c570,True,,100,151850.0,243094.99999999997,3.622159937980798,5.798676128570576
operator,conv-depthwise,onnx-mlir-llvm,convolution,"onnx-mlir version 0.4.2, onnx version 1.21.0 (https://github.com/onnx/onnx-mlir.git 4a13c34aa695b228599d637cdb772c19b4b18dba)",2fa842e74a5cfcbf59217c4e1d85f7cf2fd11e09dc5ef429f8510965e0835d00,0192e6d06df6620604965c8da6bf6a2b176ad673953061cd91fa68788657c570,True,,100,156987.0,265067.7,3.744695569205081,6.3228027908640945
operator,conv-depthwise,onnxruntime,convolution,onnxruntime-1.26.0,2fa842e74a5cfcbf59217c4e1d85f7cf2fd11e09dc5ef429f8510965e0835d00,0192e6d06df6620604965c8da6bf6a2b176ad673953061cd91fa68788657c570,True,,100,41922.5,43554.55,1.0,1.0389301687637904
operator,conv-depthwise,tvm-relax-llvm,convolution,tvm-0.26.dev0@c7b458e946bc4266915da582457476bdcd9705ae,2fa842e74a5cfcbf59217c4e1d85f7cf2fd11e09dc5ef429f8510965e0835d00,0192e6d06df6620604965c8da6bf6a2b176ad673953061cd91fa68788657c570,True,,100,34185.0,36421.65,0.8154332399069713,0.8687852585127318
operator,conv-pointwise,joggle-optimized,convolution,cc82ef114093b6d90ca94df05b54a60084585e72,2fa842e74a5cfcbf59217c4e1d85f7cf2fd11e09dc5ef429f8510965e0835d00,2015e0220ad9194b33df0c0c3061d37f1a9cf794a492025d7505660e599b8d27,True,,100,1151000.0,1726250.0,18.031425751570506,27.043222157818057
operator,conv-pointwise,joggle-unoptimized,convolution,cc82ef114093b6d90ca94df05b54a60084585e72,2fa842e74a5cfcbf59217c4e1d85f7cf2fd11e09dc5ef429f8510965e0835d00,2015e0220ad9194b33df0c0c3061d37f1a9cf794a492025d7505660e599b8d27,True,,100,9446500.0,9600200.0,147.98771795152976,150.3955634233077
operator,conv-pointwise,onnx-mlir-llvm,convolution,"onnx-mlir version 0.4.2, onnx version 1.21.0 (https://github.com/onnx/onnx-mlir.git 4a13c34aa695b228599d637cdb772c19b4b18dba)",2fa842e74a5cfcbf59217c4e1d85f7cf2fd11e09dc5ef429f8510965e0835d00,2015e0220ad9194b33df0c0c3061d37f1a9cf794a492025d7505660e599b8d27,True,,100,807270.5,1157164.5999999999,12.646601287735184,18.127999624018923
operator,conv-pointwise,onnxruntime,convolution,onnxruntime-1.26.0,2fa842e74a5cfcbf59217c4e1d85f7cf2fd11e09dc5ef429f8510965e0835d00,2015e0220ad9194b33df0c0c3061d37f1a9cf794a492025d7505660e599b8d27,True,,100,63833.0,65922.25,1.0,1.0327299359265583
operator,conv-pointwise,tvm-relax-llvm,convolution,tvm-0.26.dev0@c7b458e946bc4266915da582457476bdcd9705ae,2fa842e74a5cfcbf59217c4e1d85f7cf2fd11e09dc5ef429f8510965e0835d00,2015e0220ad9194b33df0c0c3061d37f1a9cf794a492025d7505660e599b8d27,True,,100,9209270.5,9379537.5,144.27130951075463,146.93869158585684
operator,conv-stem,joggle-optimized,convolution,cc82ef114093b6d90ca94df05b54a60084585e72,2fa842e74a5cfcbf59217c4e1d85f7cf2fd11e09dc5ef429f8510965e0835d00,4a0ac8b0d76733b60e8fd52759a81bd7481cab0f551d369e881c891484e066aa,True,,100,1701000.0,1799150.0,9.549473684210525,10.100491228070176
operator,conv-stem,joggle-unoptimized,convolution,cc82ef114093b6d90ca94df05b54a60084585e72,2fa842e74a5cfcbf59217c4e1d85f7cf2fd11e09dc5ef429f8510965e0835d00,4a0ac8b0d76733b60e8fd52759a81bd7481cab0f551d369e881c891484e066aa,True,,100,819500.0,1234000.0,4.600701754385965,6.927719298245614
operator,conv-stem,onnx-mlir-llvm,convolution,"onnx-mlir version 0.4.2, onnx version 1.21.0 (https://github.com/onnx/onnx-mlir.git 4a13c34aa695b228599d637cdb772c19b4b18dba)",2fa842e74a5cfcbf59217c4e1d85f7cf2fd11e09dc5ef429f8510965e0835d00,4a0ac8b0d76733b60e8fd52759a81bd7481cab0f551d369e881c891484e066aa,True,,100,1062334.0,1318139.2999999998,5.963980350877193,7.400080280701753
operator,conv-stem,onnxruntime,convolution,onnxruntime-1.26.0,2fa842e74a5cfcbf59217c4e1d85f7cf2fd11e09dc5ef429f8510965e0835d00,4a0ac8b0d76733b60e8fd52759a81bd7481cab0f551d369e881c891484e066aa,True,,100,178125.0,186075.0,1.0,1.0446315789473684
operator,conv-stem,tvm-relax-llvm,convolution,tvm-0.26.dev0@c7b458e946bc4266915da582457476bdcd9705ae,2fa842e74a5cfcbf59217c4e1d85f7cf2fd11e09dc5ef429f8510965e0835d00,4a0ac8b0d76733b60e8fd52759a81bd7481cab0f551d369e881c891484e066aa,True,,100,444833.5,470433.65,2.4973108771929824,2.6410310175438596
operator,conv-strided,joggle-optimized,convolution,cc82ef114093b6d90ca94df05b54a60084585e72,2fa842e74a5cfcbf59217c4e1d85f7cf2fd11e09dc5ef429f8510965e0835d00,28b184a7f782c6b17e7ecd32c25cc3de9d3e4ab9f78c4f8ecc3e7a708b478775,True,,100,7589000.0,7686100.0,194.280886795351,196.76667861348625
operator,conv-strided,joggle-unoptimized,convolution,cc82ef114093b6d90ca94df05b54a60084585e72,2fa842e74a5cfcbf59217c4e1d85f7cf2fd11e09dc5ef429f8510965e0835d00,28b184a7f782c6b17e7ecd32c25cc3de9d3e4ab9f78c4f8ecc3e7a708b478775,True,,100,6970000.0,6997150.0,178.43428395883467,179.12933285546055
operator,conv-strided,onnx-mlir-llvm,convolution,"onnx-mlir version 0.4.2, onnx version 1.21.0 (https://github.com/onnx/onnx-mlir.git 4a13c34aa695b228599d637cdb772c19b4b18dba)",2fa842e74a5cfcbf59217c4e1d85f7cf2fd11e09dc5ef429f8510965e0835d00,28b184a7f782c6b17e7ecd32c25cc3de9d3e4ab9f78c4f8ecc3e7a708b478775,True,,100,7060395.5,7177541.65,180.74843838001127,183.74741820695306
operator,conv-strided,onnxruntime,convolution,onnxruntime-1.26.0,2fa842e74a5cfcbf59217c4e1d85f7cf2fd11e09dc5ef429f8510965e0835d00,28b184a7f782c6b17e7ecd32c25cc3de9d3e4ab9f78c4f8ecc3e7a708b478775,True,,100,39062.0,45627.1,1.0,1.1680687112795043
operator,conv-strided,tvm-relax-llvm,convolution,tvm-0.26.dev0@c7b458e946bc4266915da582457476bdcd9705ae,2fa842e74a5cfcbf59217c4e1d85f7cf2fd11e09dc5ef429f8510965e0835d00,28b184a7f782c6b17e7ecd32c25cc3de9d3e4ab9f78c4f8ecc3e7a708b478775,True,,100,7265354.5,7416975.0,185.99545594183604,189.87699042547746
operator,ew-affine-1k,joggle-optimized,elementwise,cc82ef114093b6d90ca94df05b54a60084585e72,2fa842e74a5cfcbf59217c4e1d85f7cf2fd11e09dc5ef429f8510965e0835d00,0cb79f31f8a7b41c399603c27f666d76d298fd807fb671bb9837aa07cf6bf292,True,,100,265.0,562.1,0.09476130877883068,0.20100125156445559
operator,ew-affine-1k,joggle-unoptimized,elementwise,cc82ef114093b6d90ca94df05b54a60084585e72,2fa842e74a5cfcbf59217c4e1d85f7cf2fd11e09dc5ef429f8510965e0835d00,0cb79f31f8a7b41c399603c27f666d76d298fd807fb671bb9837aa07cf6bf292,True,,100,345.0,660.5999999999999,0.12336849633470409,0.23622385124262468
operator,ew-affine-1k,onnx-mlir-llvm,elementwise,"onnx-mlir version 0.4.2, onnx version 1.21.0 (https://github.com/onnx/onnx-mlir.git 4a13c34aa695b228599d637cdb772c19b4b18dba)",2fa842e74a5cfcbf59217c4e1d85f7cf2fd11e09dc5ef429f8510965e0835d00,0cb79f31f8a7b41c399603c27f666d76d298fd807fb671bb9837aa07cf6bf292,True,,100,577.5,1427.15,0.2065081351689612,0.5103343465045593
operator,ew-affine-1k,onnxruntime,elementwise,onnxruntime-1.26.0,2fa842e74a5cfcbf59217c4e1d85f7cf2fd11e09dc5ef429f8510965e0835d00,0cb79f31f8a7b41c399603c27f666d76d298fd807fb671bb9837aa07cf6bf292,True,,100,2796.5,2937.3,1.0,1.0503486500983372
operator,ew-affine-1k,tvm-relax-llvm,elementwise,tvm-0.26.dev0@c7b458e946bc4266915da582457476bdcd9705ae,2fa842e74a5cfcbf59217c4e1d85f7cf2fd11e09dc5ef429f8510965e0835d00,0cb79f31f8a7b41c399603c27f666d76d298fd807fb671bb9837aa07cf6bf292,True,,100,924.5,973.05,0.33059181119256215,0.3479527981405328
operator,ew-broadcast-relu,joggle-optimized,elementwise,cc82ef114093b6d90ca94df05b54a60084585e72,2fa842e74a5cfcbf59217c4e1d85f7cf2fd11e09dc5ef429f8510965e0835d00,88da2640d7cbc84758ce965213c6628b8e0de6b7b1a3317b4f209eae3fb7441f,True,,100,3237.0,5300.599999999999,0.9030548193611382,1.4787557539405773
operator,ew-broadcast-relu,joggle-unoptimized,elementwise,cc82ef114093b6d90ca94df05b54a60084585e72,2fa842e74a5cfcbf59217c4e1d85f7cf2fd11e09dc5ef429f8510965e0835d00,88da2640d7cbc84758ce965213c6628b8e0de6b7b1a3317b4f209eae3fb7441f,True,,100,3297.0,5981.599999999999,0.9197935555865532,1.6687404100990373
operator,ew-broadcast-relu,onnx-mlir-llvm,elementwise,"onnx-mlir version 0.4.2, onnx version 1.21.0 (https://github.com/onnx/onnx-mlir.git 4a13c34aa695b228599d637cdb772c19b4b18dba)",2fa842e74a5cfcbf59217c4e1d85f7cf2fd11e09dc5ef429f8510965e0835d00,88da2640d7cbc84758ce965213c6628b8e0de6b7b1a3317b4f209eae3fb7441f,True,,100,740.5,1946.4,0.20658390291532988,0.543004603152462
operator,ew-broadcast-relu,onnxruntime,elementwise,onnxruntime-1.26.0,2fa842e74a5cfcbf59217c4e1d85f7cf2fd11e09dc5ef429f8510965e0835d00,88da2640d7cbc84758ce965213c6628b8e0de6b7b1a3317b4f209eae3fb7441f,True,,100,3584.5,3643.1,1.0,1.0163481657134885
operator,ew-broadcast-relu,tvm-relax-llvm,elementwise,tvm-0.26.dev0@c7b458e946bc4266915da582457476bdcd9705ae,2fa842e74a5cfcbf59217c4e1d85f7cf2fd11e09dc5ef429f8510965e0835d00,88da2640d7cbc84758ce965213c6628b8e0de6b7b1a3317b4f209eae3fb7441f,True,,100,1140.0,1169.3,0.31803598828288465,0.32621007113962897
operator,ew-chain-64k,joggle-optimized,elementwise,cc82ef114093b6d90ca94df05b54a60084585e72,2fa842e74a5cfcbf59217c4e1d85f7cf2fd11e09dc5ef429f8510965e0835d00,bac37a3b37bba7dca00424cd04e3fda0e005b31d39222a33ca9c4265a78f0914,True,,100,58330.0,90972.99999999999,2.7072938664686363,4.222366619479705
operator,ew-chain-64k,joggle-unoptimized,elementwise,cc82ef114093b6d90ca94df05b54a60084585e72,2fa842e74a5cfcbf59217c4e1d85f7cf2fd11e09dc5ef429f8510965e0835d00,bac37a3b37bba7dca00424cd04e3fda0e005b31d39222a33ca9c4265a78f0914,True,,100,74840.0,104327.5,3.473579169664199,4.842194425750157
operator,ew-chain-64k,onnx-mlir-llvm,elementwise,"onnx-mlir version 0.4.2, onnx version 1.21.0 (https://github.com/onnx/onnx-mlir.git 4a13c34aa695b228599d637cdb772c19b4b18dba)",2fa842e74a5cfcbf59217c4e1d85f7cf2fd11e09dc5ef429f8510965e0835d00,bac37a3b37bba7dca00424cd04e3fda0e005b31d39222a33ca9c4265a78f0914,True,,100,11864.5,35245.39999999997,0.5506718340256667,1.635858996078066
operator,ew-chain-64k,onnxruntime,elementwise,onnxruntime-1.26.0,2fa842e74a5cfcbf59217c4e1d85f7cf2fd11e09dc5ef429f8510965e0835d00,bac37a3b37bba7dca00424cd04e3fda0e005b31d39222a33ca9c4265a78f0914,True,,100,21545.5,22126.55,1.0,1.0269685085052562
operator,ew-chain-64k,tvm-relax-llvm,elementwise,tvm-0.26.dev0@c7b458e946bc4266915da582457476bdcd9705ae,2fa842e74a5cfcbf59217c4e1d85f7cf2fd11e09dc5ef429f8510965e0835d00,bac37a3b37bba7dca00424cd04e3fda0e005b31d39222a33ca9c4265a78f0914,True,,100,28462.5,29489.1,1.3210415167900489,1.3686895175326634
operator,ew-select-16k,joggle-optimized,elementwise,cc82ef114093b6d90ca94df05b54a60084585e72,2fa842e74a5cfcbf59217c4e1d85f7cf2fd11e09dc5ef429f8510965e0835d00,ac3684bc3a370930a4b381f5b6c23a57a7a37bce5c2d62f8af36cc65a572953b,True,,100,7425.0,10471.999999999985,0.9190493873004084,1.2962000247555372
operator,ew-select-16k,joggle-unoptimized,elementwise,cc82ef114093b6d90ca94df05b54a60084585e72,2fa842e74a5cfcbf59217c4e1d85f7cf2fd11e09dc5ef429f8510965e0835d00,ac3684bc3a370930a4b381f5b6c23a57a7a37bce5c2d62f8af36cc65a572953b,True,,100,8160.0,16005.499999999998,1.0100259933160045,1.9811239014729543
operator,ew-select-16k,onnx-mlir-llvm,elementwise,"onnx-mlir version 0.4.2, onnx version 1.21.0 (https://github.com/onnx/onnx-mlir.git 4a13c34aa695b228599d637cdb772c19b4b18dba)",2fa842e74a5cfcbf59217c4e1d85f7cf2fd11e09dc5ef429f8510965e0835d00,ac3684bc3a370930a4b381f5b6c23a57a7a37bce5c2d62f8af36cc65a572953b,True,,100,7785.5,13513.049999999996,0.9636712464413912,1.6726141849238763
operator,ew-select-16k,onnxruntime,elementwise,onnxruntime-1.26.0,2fa842e74a5cfcbf59217c4e1d85f7cf2fd11e09dc5ef429f8510965e0835d00,ac3684bc3a370930a4b381f5b6c23a57a7a37bce5c2d62f8af36cc65a572953b,True,,100,8079.0,8416.5,1.0,1.0417749721500185
operator,ew-select-16k,tvm-relax-llvm,elementwise,tvm-0.26.dev0@c7b458e946bc4266915da582457476bdcd9705ae,2fa842e74a5cfcbf59217c4e1d85f7cf2fd11e09dc5ef429f8510965e0835d00,ac3684bc3a370930a4b381f5b6c23a57a7a37bce5c2d62f8af36cc65a572953b,True,,100,4780.5,5067.15,0.5917192721871519,0.6272001485332342
operator,fuse-add-relu,joggle-optimized,fusion,cc82ef114093b6d90ca94df05b54a60084585e72,2fa842e74a5cfcbf59217c4e1d85f7cf2fd11e09dc5ef429f8510965e0835d00,f74d1c26353cbc4c590ccde8b8a07fa56cfb76361b54690928c07109ef654568,True,,100,54920.0,72245.49999999999,3.891585473870682,5.119255978742249
operator,fuse-add-relu,joggle-unoptimized,fusion,cc82ef114093b6d90ca94df05b54a60084585e72,2fa842e74a5cfcbf59217c4e1d85f7cf2fd11e09dc5ef429f8510965e0835d00,f74d1c26353cbc4c590ccde8b8a07fa56cfb76361b54690928c07109ef654568,True,,100,55450.0,96838.5,3.929140832595217,6.861895482728078
operator,fuse-add-relu,onnx-mlir-llvm,fusion,"onnx-mlir version 0.4.2, onnx version 1.21.0 (https://github.com/onnx/onnx-mlir.git 4a13c34aa695b228599d637cdb772c19b4b18dba)",2fa842e74a5cfcbf59217c4e1d85f7cf2fd11e09dc5ef429f8510965e0835d00,f74d1c26353cbc4c590ccde8b8a07fa56cfb76361b54690928c07109ef654568,True,,100,7387.5,10293.999999999998,0.5234720992028343,0.7294242692648361
operator,fuse-add-relu,onnxruntime,fusion,onnxruntime-1.26.0,2fa842e74a5cfcbf59217c4e1d85f7cf2fd11e09dc5ef429f8510965e0835d00,f74d1c26353cbc4c590ccde8b8a07fa56cfb76361b54690928c07109ef654568,True,,100,14112.5,14315.85,1.0,1.0144092116917627
operator,fuse-add-relu,tvm-relax-llvm,fusion,tvm-0.26.dev0@c7b458e946bc4266915da582457476bdcd9705ae,2fa842e74a5cfcbf59217c4e1d85f7cf2fd11e09dc5ef429f8510965e0835d00,f74d1c26353cbc4c590ccde8b8a07fa56cfb76361b54690928c07109ef654568,True,,100,11931.5,12330.5,0.8454561558901683,0.8737289636846767
operator,fuse-conv-bias-relu,joggle-optimized,fusion,cc82ef114093b6d90ca94df05b54a60084585e72,2fa842e74a5cfcbf59217c4e1d85f7cf2fd11e09dc5ef429f8510965e0835d00,65ca70347d70d5cf5887574937de95e0257c9cc1965bbda7f51c814716faef03,True,,100,12454500.0,12773950.0,42.302316616086394,43.387344119640034
operator,fuse-conv-bias-relu,joggle-unoptimized,fusion,cc82ef114093b6d90ca94df05b54a60084585e72,2fa842e74a5cfcbf59217c4e1d85f7cf2fd11e09dc5ef429f8510965e0835d00,65ca70347d70d5cf5887574937de95e0257c9cc1965bbda7f51c814716faef03,True,,100,28800000.0,29680000.0,97.82060448378402,100.80956739856632
operator,fuse-conv-bias-relu,onnx-mlir-llvm,fusion,"onnx-mlir version 0.4.2, onnx version 1.21.0 (https://github.com/onnx/onnx-mlir.git 4a13c34aa695b228599d637cdb772c19b4b18dba)",2fa842e74a5cfcbf59217c4e1d85f7cf2fd11e09dc5ef429f8510965e0835d00,65ca70347d70d5cf5887574937de95e0257c9cc1965bbda7f51c814716faef03,True,,100,22335083.0,22670150.65,75.86219861998224,77.00027223338365
operator,fuse-conv-bias-relu,onnxruntime,fusion,onnxruntime-1.26.0,2fa842e74a5cfcbf59217c4e1d85f7cf2fd11e09dc5ef429f8510965e0835d00,65ca70347d70d5cf5887574937de95e0257c9cc1965bbda7f51c814716faef03,True,,100,294416.5,332689.9,1.0,1.1299974695711688
operator,fuse-conv-bias-relu,tvm-relax-llvm,fusion,tvm-0.26.dev0@c7b458e946bc4266915da582457476bdcd9705ae,2fa842e74a5cfcbf59217c4e1d85f7cf2fd11e09dc5ef429f8510965e0835d00,65ca70347d70d5cf5887574937de95e0257c9cc1965bbda7f51c814716faef03,True,,100,24929146.0,25164579.8,84.6730601036287,85.47272248668129
operator,fuse-matmul-bias-relu,joggle-optimized,fusion,cc82ef114093b6d90ca94df05b54a60084585e72,2fa842e74a5cfcbf59217c4e1d85f7cf2fd11e09dc5ef429f8510965e0835d00,c57b430a353c1fa3d7a04ec9b304301bf5fd9b70ce8ddfd44132d40153c50b67,True,,100,185650.0,300235.0,13.018934081346423,21.054347826086957
operator,fuse-matmul-bias-relu,joggle-unoptimized,fusion,cc82ef114093b6d90ca94df05b54a60084585e72,2fa842e74a5cfcbf59217c4e1d85f7cf2fd11e09dc5ef429f8510965e0835d00,c57b430a353c1fa3d7a04ec9b304301bf5fd9b70ce8ddfd44132d40153c50b67,True,,100,2437400.0,2519925.0,170.92566619915848,176.71283309957926
operator,fuse-matmul-bias-relu,onnx-mlir-llvm,fusion,"onnx-mlir version 0.4.2, onnx version 1.21.0 (https://github.com/onnx/onnx-mlir.git 4a13c34aa695b228599d637cdb772c19b4b18dba)",2fa842e74a5cfcbf59217c4e1d85f7cf2fd11e09dc5ef429f8510965e0835d00,c57b430a353c1fa3d7a04ec9b304301bf5fd9b70ce8ddfd44132d40153c50b67,True,,100,93485.0,269582.25,6.555750350631136,18.904786115007013
operator,fuse-matmul-bias-relu,onnxruntime,fusion,onnxruntime-1.26.0,2fa842e74a5cfcbf59217c4e1d85f7cf2fd11e09dc5ef429f8510965e0835d00,c57b430a353c1fa3d7a04ec9b304301bf5fd9b70ce8ddfd44132d40153c50b67,True,,100,14260.0,14721.05,1.0,1.0323316970546985
operator,fuse-matmul-bias-relu,tvm-relax-llvm,fusion,tvm-0.26.dev0@c7b458e946bc4266915da582457476bdcd9705ae,2fa842e74a5cfcbf59217c4e1d85f7cf2fd11e09dc5ef429f8510965e0835d00,c57b430a353c1fa3d7a04ec9b304301bf5fd9b70ce8ddfd44132d40153c50b67,True,,100,2374031.0,2441124.7,166.4818373071529,171.18686535764377
operator,fuse-mul-add,joggle-optimized,fusion,cc82ef114093b6d90ca94df05b54a60084585e72,2fa842e74a5cfcbf59217c4e1d85f7cf2fd11e09dc5ef429f8510965e0835d00,617071e814a1b595551f7e25766c6e164f3c6b62a9aaacc2a1f562cf28fc1f62,True,,100,25920.0,39212.999999999985,1.2743362831858407,1.9278761061946896
operator,fuse-mul-add,joggle-unoptimized,fusion,cc82ef114093b6d90ca94df05b54a60084585e72,2fa842e74a5cfcbf59217c4e1d85f7cf2fd11e09dc5ef429f8510965e0835d00,617071e814a1b595551f7e25766c6e164f3c6b62a9aaacc2a1f562cf28fc1f62,True,,100,25715.0,40181.5,1.2642576204523108,1.9754916420845625
operator,fuse-mul-add,onnx-mlir-llvm,fusion,"onnx-mlir version 0.4.2, onnx version 1.21.0 (https://github.com/onnx/onnx-mlir.git 4a13c34aa695b228599d637cdb772c19b4b18dba)",2fa842e74a5cfcbf59217c4e1d85f7cf2fd11e09dc5ef429f8510965e0835d00,617071e814a1b595551f7e25766c6e164f3c6b62a9aaacc2a1f562cf28fc1f62,True,,100,9468.5,14350.999999999998,0.4655113077679449,0.7055555555555555
operator,fuse-mul-add,onnxruntime,fusion,onnxruntime-1.26.0,2fa842e74a5cfcbf59217c4e1d85f7cf2fd11e09dc5ef429f8510965e0835d00,617071e814a1b595551f7e25766c6e164f3c6b62a9aaacc2a1f562cf28fc1f62,True,,100,20340.0,20689.7,1.0,1.0171927236971485
operator,fuse-mul-add,tvm-relax-llvm,fusion,tvm-0.26.dev0@c7b458e946bc4266915da582457476bdcd9705ae,2fa842e74a5cfcbf59217c4e1d85f7cf2fd11e09dc5ef429f8510965e0835d00,617071e814a1b595551f7e25766c6e164f3c6b62a9aaacc2a1f562cf28fc1f62,True,,100,16862.0,19539.4,0.8290068829891839,0.9606391347099312
operator,mm-batched,joggle-optimized,matmul,cc82ef114093b6d90ca94df05b54a60084585e72,2fa842e74a5cfcbf59217c4e1d85f7cf2fd11e09dc5ef429f8510965e0835d00,35d2c04fdeb8ce01d42aef5621e5ec37692893d9b6cb06ab3baf7f22ad7c3f63,True,,100,772600.0,783305.0,72.59231419712486,73.59813962228695
operator,mm-batched,joggle-unoptimized,matmul,cc82ef114093b6d90ca94df05b54a60084585e72,2fa842e74a5cfcbf59217c4e1d85f7cf2fd11e09dc5ef429f8510965e0835d00,35d2c04fdeb8ce01d42aef5621e5ec37692893d9b6cb06ab3baf7f22ad7c3f63,True,,100,753750.0,764475.0,70.82119703091233,71.82890162548154
operator,mm-batched,onnx-mlir-llvm,matmul,"onnx-mlir version 0.4.2, onnx version 1.21.0 (https://github.com/onnx/onnx-mlir.git 4a13c34aa695b228599d637cdb772c19b4b18dba)",2fa842e74a5cfcbf59217c4e1d85f7cf2fd11e09dc5ef429f8510965e0835d00,35d2c04fdeb8ce01d42aef5621e5ec37692893d9b6cb06ab3baf7f22ad7c3f63,True,,100,68183.0,107537.54999999999,6.406370384290144,10.1040637038429
operator,mm-batched,onnxruntime,matmul,onnxruntime-1.26.0,2fa842e74a5cfcbf59217c4e1d85f7cf2fd11e09dc5ef429f8510965e0835d00,35d2c04fdeb8ce01d42aef5621e5ec37692893d9b6cb06ab3baf7f22ad7c3f63,True,,100,10643.0,11375.2,1.0,1.0687963919947383
operator,mm-batched,tvm-relax-llvm,matmul,tvm-0.26.dev0@c7b458e946bc4266915da582457476bdcd9705ae,2fa842e74a5cfcbf59217c4e1d85f7cf2fd11e09dc5ef429f8510965e0835d00,35d2c04fdeb8ce01d42aef5621e5ec37692893d9b6cb06ab3baf7f22ad7c3f63,True,,100,743791.0,761374.95,69.88546462463592,71.5376256694541
operator,mm-rectangular,joggle-optimized,matmul,cc82ef114093b6d90ca94df05b54a60084585e72,2fa842e74a5cfcbf59217c4e1d85f7cf2fd11e09dc5ef429f8510965e0835d00,defadaa3015f392437555de3b178b66b7c2a2f4dee03156175b5c29c39d916fd,True,,100,131500.0,262459.9999999996,9.937278017078516,19.833748960930976
operator,mm-rectangular,joggle-unoptimized,matmul,cc82ef114093b6d90ca94df05b54a60084585e72,2fa842e74a5cfcbf59217c4e1d85f7cf2fd11e09dc5ef429f8510965e0835d00,defadaa3015f392437555de3b178b66b7c2a2f4dee03156175b5c29c39d916fd,True,,100,2982200.0,3118810.0,225.36084032343385,235.68427416307716
operator,mm-rectangular,onnx-mlir-llvm,matmul,"onnx-mlir version 0.4.2, onnx version 1.21.0 (https://github.com/onnx/onnx-mlir.git 4a13c34aa695b228599d637cdb772c19b4b18dba)",2fa842e74a5cfcbf59217c4e1d85f7cf2fd11e09dc5ef429f8510965e0835d00,defadaa3015f392437555de3b178b66b7c2a2f4dee03156175b5c29c39d916fd,True,,100,137141.0,200881.35,10.363560794982241,15.18033325776468
operator,mm-rectangular,onnxruntime,matmul,onnxruntime-1.26.0,2fa842e74a5cfcbf59217c4e1d85f7cf2fd11e09dc5ef429f8510965e0835d00,defadaa3015f392437555de3b178b66b7c2a2f4dee03156175b5c29c39d916fd,True,,100,13233.0,13529.55,1.0,1.0224098843799592
operator,mm-rectangular,tvm-relax-llvm,matmul,tvm-0.26.dev0@c7b458e946bc4266915da582457476bdcd9705ae,2fa842e74a5cfcbf59217c4e1d85f7cf2fd11e09dc5ef429f8510965e0835d00,defadaa3015f392437555de3b178b66b7c2a2f4dee03156175b5c29c39d916fd,True,,100,2983616.5,3010502.25,225.46788332199804,227.49960326456585
operator,mm-square-256,joggle-optimized,matmul,cc82ef114093b6d90ca94df05b54a60084585e72,2fa842e74a5cfcbf59217c4e1d85f7cf2fd11e09dc5ef429f8510965e0835d00,a9457dbdebb57768f77702c7e7f57c39f514a58ff4bf637eb7a08ebc6ad3f1ce,True,,100,805200.0,1003560.0,25.552170601675552,31.846915460776845
operator,mm-square-256,joggle-unoptimized,matmul,cc82ef114093b6d90ca94df05b54a60084585e72,2fa842e74a5cfcbf59217c4e1d85f7cf2fd11e09dc5ef429f8510965e0835d00,a9457dbdebb57768f77702c7e7f57c39f514a58ff4bf637eb7a08ebc6ad3f1ce,True,,100,10349400.0,10387820.0,328.4272658035034,329.64648387915713
operator,mm-square-256,onnx-mlir-llvm,matmul,"onnx-mlir version 0.4.2, onnx version 1.21.0 (https://github.com/onnx/onnx-mlir.git 4a13c34aa695b228599d637cdb772c19b4b18dba)",2fa842e74a5cfcbf59217c4e1d85f7cf2fd11e09dc5ef429f8510965e0835d00,a9457dbdebb57768f77702c7e7f57c39f514a58ff4bf637eb7a08ebc6ad3f1ce,True,,100,510778.5,629733.0999999997,16.209015613099773,19.983914064483365
operator,mm-square-256,onnxruntime,matmul,onnxruntime-1.26.0,2fa842e74a5cfcbf59217c4e1d85f7cf2fd11e09dc5ef429f8510965e0835d00,a9457dbdebb57768f77702c7e7f57c39f514a58ff4bf637eb7a08ebc6ad3f1ce,True,,100,31512.0,32262.15,1.0,1.0238052170601677
operator,mm-square-256,tvm-relax-llvm,matmul,tvm-0.26.dev0@c7b458e946bc4266915da582457476bdcd9705ae,2fa842e74a5cfcbf59217c4e1d85f7cf2fd11e09dc5ef429f8510965e0835d00,a9457dbdebb57768f77702c7e7f57c39f514a58ff4bf637eb7a08ebc6ad3f1ce,True,,100,10427362.0,10512852.9,330.90130743843616,333.6142707539985
operator,mm-square-64,joggle-optimized,matmul,cc82ef114093b6d90ca94df05b54a60084585e72,2fa842e74a5cfcbf59217c4e1d85f7cf2fd11e09dc5ef429f8510965e0835d00,3e146d6188fac6cfde8855044d81edd428c16085467eb02e1a3095d69e3c44ac,True,,100,7585.0,13985.0,1.6663005272407734,3.0722759226713534
operator,mm-square-64,joggle-unoptimized,matmul,cc82ef114093b6d90ca94df05b54a60084585e72,2fa842e74a5cfcbf59217c4e1d85f7cf2fd11e09dc5ef429f8510965e0835d00,3e146d6188fac6cfde8855044d81edd428c16085467eb02e1a3095d69e3c44ac,True,,100,94115.0,99289.99999999999,20.675527240773288,21.812390158172228
operator,mm-square-64,onnx-mlir-llvm,matmul,"onnx-mlir version 0.4.2, onnx version 1.21.0 (https://github.com/onnx/onnx-mlir.git 4a13c34aa695b228599d637cdb772c19b4b18dba)",2fa842e74a5cfcbf59217c4e1d85f7cf2fd11e09dc5ef429f8510965e0835d00,3e146d6188fac6cfde8855044d81edd428c16085467eb02e1a3095d69e3c44ac,True,,100,7157.0,8384.349999999999,1.5722759226713532,1.841904657293497
operator,mm-square-64,onnxruntime,matmul,onnxruntime-1.26.0,2fa842e74a5cfcbf59217c4e1d85f7cf2fd11e09dc5ef429f8510965e0835d00,3e146d6188fac6cfde8855044d81edd428c16085467eb02e1a3095d69e3c44ac,True,,100,4552.0,4645.3,1.0,1.0204964850615115
operator,mm-square-64,tvm-relax-llvm,matmul,tvm-0.26.dev0@c7b458e946bc4266915da582457476bdcd9705ae,2fa842e74a5cfcbf59217c4e1d85f7cf2fd11e09dc5ef429f8510965e0835d00,3e146d6188fac6cfde8855044d81edd428c16085467eb02e1a3095d69e3c44ac,True,,100,92869.5,93997.0,20.401911247803163,20.649604569420035
operator,quant-conv,joggle-optimized,quantization,cc82ef114093b6d90ca94df05b54a60084585e72,2fa842e74a5cfcbf59217c4e1d85f7cf2fd11e09dc5ef429f8510965e0835d00,081e9acbe8a11dca599f6f58285d1c19f296995f3431339ac3ac065ba670a0bf,True,,100,265400.0,409855.0,10.012071827372868,15.461558774709522
operator,quant-conv,joggle-unoptimized,quantization,cc82ef114093b6d90ca94df05b54a60084585e72,2fa842e74a5cfcbf59217c4e1d85f7cf2fd11e09dc5ef429f8510965e0835d00,081e9acbe8a11dca599f6f58285d1c19f296995f3431339ac3ac065ba670a0bf,True,,100,244750.0,348154.99999999994,9.233061717217444,13.1339595593783
operator,quant-conv,onnx-mlir-llvm,quantization,"onnx-mlir version 0.4.2, onnx version 1.21.0 (https://github.com/onnx/onnx-mlir.git 4a13c34aa695b228599d637cdb772c19b4b18dba)",2fa842e74a5cfcbf59217c4e1d85f7cf2fd11e09dc5ef429f8510965e0835d00,081e9acbe8a11dca599f6f58285d1c19f296995f3431339ac3ac065ba670a0bf,False,unsupported:backend-error,0,,,,
operator,quant-conv,onnxruntime,quantization,onnxruntime-1.26.0,2fa842e74a5cfcbf59217c4e1d85f7cf2fd11e09dc5ef429f8510965e0835d00,081e9acbe8a11dca599f6f58285d1c19f296995f3431339ac3ac065ba670a0bf,True,,100,26508.0,27187.55,1.0,1.0256356571601026
operator,quant-conv,tvm-relax-llvm,quantization,tvm-0.26.dev0@c7b458e946bc4266915da582457476bdcd9705ae,2fa842e74a5cfcbf59217c4e1d85f7cf2fd11e09dc5ef429f8510965e0835d00,081e9acbe8a11dca599f6f58285d1c19f296995f3431339ac3ac065ba670a0bf,False,unsupported:backend-error,0,,,,
operator,quant-dynamic,joggle-optimized,quantization,cc82ef114093b6d90ca94df05b54a60084585e72,2fa842e74a5cfcbf59217c4e1d85f7cf2fd11e09dc5ef429f8510965e0835d00,d49382f8563ec14aa8ea729d4bd9d2940cc19150c6655b6b891595fe8ce0c36d,True,,100,7159.0,9596.0,1.4851156519033295,1.9906648687895447
operator,quant-dynamic,joggle-unoptimized,quantization,cc82ef114093b6d90ca94df05b54a60084585e72,2fa842e74a5cfcbf59217c4e1d85f7cf2fd11e09dc5ef429f8510965e0835d00,d49382f8563ec14aa8ea729d4bd9d2940cc19150c6655b6b891595fe8ce0c36d,True,,100,7201.0,9826.4,1.4938284410330878,2.038460740587076
operator,quant-dynamic,onnx-mlir-llvm,quantization,"onnx-mlir version 0.4.2, onnx version 1.21.0 (https://github.com/onnx/onnx-mlir.git 4a13c34aa695b228599d637cdb772c19b4b18dba)",2fa842e74a5cfcbf59217c4e1d85f7cf2fd11e09dc5ef429f8510965e0835d00,d49382f8563ec14aa8ea729d4bd9d2940cc19150c6655b6b891595fe8ce0c36d,True,,100,25283.0,25875.65,5.244891608754279,5.367835286795976
operator,quant-dynamic,onnxruntime,quantization,onnxruntime-1.26.0,2fa842e74a5cfcbf59217c4e1d85f7cf2fd11e09dc5ef429f8510965e0835d00,d49382f8563ec14aa8ea729d4bd9d2940cc19150c6655b6b891595fe8ce0c36d,True,,100,4820.5,4909.05,1.0,1.0183694637485738
operator,quant-dynamic,tvm-relax-llvm,quantization,tvm-0.26.dev0@c7b458e946bc4266915da582457476bdcd9705ae,2fa842e74a5cfcbf59217c4e1d85f7cf2fd11e09dc5ef429f8510965e0835d00,d49382f8563ec14aa8ea729d4bd9d2940cc19150c6655b6b891595fe8ce0c36d,True,,100,15192.5,15492.45,3.1516440203298415,3.2138678560315324
operator,quant-matmul,joggle-optimized,quantization,cc82ef114093b6d90ca94df05b54a60084585e72,2fa842e74a5cfcbf59217c4e1d85f7cf2fd11e09dc5ef429f8510965e0835d00,bd045527b8a2298b8dfb78d5091680387612242d7f4db9755bbfe9f65ee729fd,True,,100,14725.0,25691.999999999993,2.3939196878556332,4.176881807836123
operator,quant-matmul,joggle-unoptimized,quantization,cc82ef114093b6d90ca94df05b54a60084585e72,2fa842e74a5cfcbf59217c4e1d85f7cf2fd11e09dc5ef429f8510965e0835d00,bd045527b8a2298b8dfb78d5091680387612242d7f4db9755bbfe9f65ee729fd,True,,100,127105.0,129221.49999999999,20.664119655340595,21.008210047146804
operator,quant-matmul,onnx-mlir-llvm,quantization,"onnx-mlir version 0.4.2, onnx version 1.21.0 (https://github.com/onnx/onnx-mlir.git 4a13c34aa695b228599d637cdb772c19b4b18dba)",2fa842e74a5cfcbf59217c4e1d85f7cf2fd11e09dc5ef429f8510965e0835d00,bd045527b8a2298b8dfb78d5091680387612242d7f4db9755bbfe9f65ee729fd,False,unsupported:oracle:integer-mismatch,0,,,,
operator,quant-matmul,onnxruntime,quantization,onnxruntime-1.26.0,2fa842e74a5cfcbf59217c4e1d85f7cf2fd11e09dc5ef429f8510965e0835d00,bd045527b8a2298b8dfb78d5091680387612242d7f4db9755bbfe9f65ee729fd,True,,100,6151.0,6373.35,1.0,1.0361485937245978
operator,quant-matmul,tvm-relax-llvm,quantization,tvm-0.26.dev0@c7b458e946bc4266915da582457476bdcd9705ae,2fa842e74a5cfcbf59217c4e1d85f7cf2fd11e09dc5ef429f8510965e0835d00,bd045527b8a2298b8dfb78d5091680387612242d7f4db9755bbfe9f65ee729fd,False,unsupported:backend-error,0,,,,
operator,quant-qdq-tensor,joggle-optimized,quantization,cc82ef114093b6d90ca94df05b54a60084585e72,2fa842e74a5cfcbf59217c4e1d85f7cf2fd11e09dc5ef429f8510965e0835d00,196be7052de7661d273c81d3c297f148b38f0f2b2d43bda2b8483352816295e7,True,,100,1951.0,3122.8,0.5746686303387334,0.9198232695139912
operator,quant-qdq-tensor,joggle-unoptimized,quantization,cc82ef114093b6d90ca94df05b54a60084585e72,2fa842e74a5cfcbf59217c4e1d85f7cf2fd11e09dc5ef429f8510965e0835d00,196be7052de7661d273c81d3c297f148b38f0f2b2d43bda2b8483352816295e7,True,,100,1877.0,2139.8999999999996,0.5528718703976436,0.6303092783505153
operator,quant-qdq-tensor,onnx-mlir-llvm,quantization,"onnx-mlir version 0.4.2, onnx version 1.21.0 (https://github.com/onnx/onnx-mlir.git 4a13c34aa695b228599d637cdb772c19b4b18dba)",2fa842e74a5cfcbf59217c4e1d85f7cf2fd11e09dc5ef429f8510965e0835d00,196be7052de7661d273c81d3c297f148b38f0f2b2d43bda2b8483352816295e7,True,,100,2190.0,2757.3999999999996,0.6450662739322534,0.8121944035346096
operator,quant-qdq-tensor,onnxruntime,quantization,onnxruntime-1.26.0,2fa842e74a5cfcbf59217c4e1d85f7cf2fd11e09dc5ef429f8510965e0835d00,196be7052de7661d273c81d3c297f148b38f0f2b2d43bda2b8483352816295e7,True,,100,3395.0,3441.15,1.0,1.0135935198821797
operator,quant-qdq-tensor,tvm-relax-llvm,quantization,tvm-0.26.dev0@c7b458e946bc4266915da582457476bdcd9705ae,2fa842e74a5cfcbf59217c4e1d85f7cf2fd11e09dc5ef429f8510965e0835d00,196be7052de7661d273c81d3c297f148b38f0f2b2d43bda2b8483352816295e7,True,,100,1493.5,1541.3,0.4399116347569956,0.45399116347569957
operator,red-l2-last,joggle-optimized,reduction,cc82ef114093b6d90ca94df05b54a60084585e72,2fa842e74a5cfcbf59217c4e1d85f7cf2fd11e09dc5ef429f8510965e0835d00,66b7ec1a05cc453f77b3b2b6c0c2fabe4529297d39be17abd865eb099155431b,True,,100,17460.0,29712.999999999993,1.1295122266787423,1.9221762194333027
operator,red-l2-last,joggle-unoptimized,reduction,cc82ef114093b6d90ca94df05b54a60084585e72,2fa842e74a5cfcbf59217c4e1d85f7cf2fd11e09dc5ef429f8510965e0835d00,66b7ec1a05cc453f77b3b2b6c0c2fabe4529297d39be17abd865eb099155431b,True,,100,17700.0,46403.99999999999,1.1450381679389312,3.0019407426575233
operator,red-l2-last,onnx-mlir-llvm,reduction,"onnx-mlir version 0.4.2, onnx version 1.21.0 (https://github.com/onnx/onnx-mlir.git 4a13c34aa695b228599d637cdb772c19b4b18dba)",2fa842e74a5cfcbf59217c4e1d85f7cf2fd11e09dc5ef429f8510965e0835d00,66b7ec1a05cc453f77b3b2b6c0c2fabe4529297d39be17abd865eb099155431b,True,,100,18627.0,22113.899999999998,1.2050071160564109,1.4305796351403803
operator,red-l2-last,onnxruntime,reduction,onnxruntime-1.26.0,2fa842e74a5cfcbf59217c4e1d85f7cf2fd11e09dc5ef429f8510965e0835d00,66b7ec1a05cc453f77b3b2b6c0c2fabe4529297d39be17abd865eb099155431b,True,,100,15458.0,15797.4,1.0,1.0219562685987837
operator,red-l2-last,tvm-relax-llvm,reduction,tvm-0.26.dev0@c7b458e946bc4266915da582457476bdcd9705ae,2fa842e74a5cfcbf59217c4e1d85f7cf2fd11e09dc5ef429f8510965e0835d00,66b7ec1a05cc453f77b3b2b6c0c2fabe4529297d39be17abd865eb099155431b,True,,100,19074.5,19909.2,1.2339565273644715,1.28795445723897
operator,red-max-channel,joggle-optimized,reduction,cc82ef114093b6d90ca94df05b54a60084585e72,2fa842e74a5cfcbf59217c4e1d85f7cf2fd11e09dc5ef429f8510965e0835d00,291c48d98c3eedc7e612fdc390b637595c570a6f80a500b3ece5e0d1eed0154c,True,,100,630700.0,694405.0,10.660198769522006,11.736951524575755
operator,red-max-channel,joggle-unoptimized,reduction,cc82ef114093b6d90ca94df05b54a60084585e72,2fa842e74a5cfcbf59217c4e1d85f7cf2fd11e09dc5ef429f8510965e0835d00,291c48d98c3eedc7e612fdc390b637595c570a6f80a500b3ece5e0d1eed0154c,True,,100,627500.0,665925.0,10.6061118247583,11.255577716178758
operator,red-max-channel,onnx-mlir-llvm,reduction,"onnx-mlir version 0.4.2, onnx version 1.21.0 (https://github.com/onnx/onnx-mlir.git 4a13c34aa695b228599d637cdb772c19b4b18dba)",2fa842e74a5cfcbf59217c4e1d85f7cf2fd11e09dc5ef429f8510965e0835d00,291c48d98c3eedc7e612fdc390b637595c570a6f80a500b3ece5e0d1eed0154c,True,,100,131466.5,277056.0,2.2220691636806165,4.682847677641809
operator,red-max-channel,onnxruntime,reduction,onnxruntime-1.26.0,2fa842e74a5cfcbf59217c4e1d85f7cf2fd11e09dc5ef429f8510965e0835d00,291c48d98c3eedc7e612fdc390b637595c570a6f80a500b3ece5e0d1eed0154c,True,,100,59164.0,61132.0,1.0,1.0332634710296802
operator,red-max-channel,tvm-relax-llvm,reduction,tvm-0.26.dev0@c7b458e946bc4266915da582457476bdcd9705ae,2fa842e74a5cfcbf59217c4e1d85f7cf2fd11e09dc5ef429f8510965e0835d00,291c48d98c3eedc7e612fdc390b637595c570a6f80a500b3ece5e0d1eed0154c,True,,100,219989.0,226568.45,3.7182915286322764,3.8294985126090193
operator,red-mean-spatial,joggle-optimized,reduction,cc82ef114093b6d90ca94df05b54a60084585e72,2fa842e74a5cfcbf59217c4e1d85f7cf2fd11e09dc5ef429f8510965e0835d00,6f705e66b424686dfa48e7d75af6b16b1ad4bdbaaf88dc56b54ba1bd8f47ab7e,True,,100,118960.0,120367.0,9.711813209241571,9.826679728957465
operator,red-mean-spatial,joggle-unoptimized,reduction,cc82ef114093b6d90ca94df05b54a60084585e72,2fa842e74a5cfcbf59217c4e1d85f7cf2fd11e09dc5ef429f8510965e0835d00,6f705e66b424686dfa48e7d75af6b16b1ad4bdbaaf88dc56b54ba1bd8f47ab7e,True,,100,114760.0,140530.99999999997,9.368928075761287,11.472854926932808
operator,red-mean-spatial,onnx-mlir-llvm,reduction,"onnx-mlir version 0.4.2, onnx version 1.21.0 (https://github.com/onnx/onnx-mlir.git 4a13c34aa695b228599d637cdb772c19b4b18dba)",2fa842e74a5cfcbf59217c4e1d85f7cf2fd11e09dc5ef429f8510965e0835d00,6f705e66b424686dfa48e7d75af6b16b1ad4bdbaaf88dc56b54ba1bd8f47ab7e,True,,100,102462.0,129258.39999999997,8.364927749204016,10.552567556535225
operator,red-mean-spatial,onnxruntime,reduction,onnxruntime-1.26.0,2fa842e74a5cfcbf59217c4e1d85f7cf2fd11e09dc5ef429f8510965e0835d00,6f705e66b424686dfa48e7d75af6b16b1ad4bdbaaf88dc56b54ba1bd8f47ab7e,True,,100,12249.0,12730.9,1.0,1.039341987100988
operator,red-mean-spatial,tvm-relax-llvm,reduction,tvm-0.26.dev0@c7b458e946bc4266915da582457476bdcd9705ae,2fa842e74a5cfcbf59217c4e1d85f7cf2fd11e09dc5ef429f8510965e0835d00,6f705e66b424686dfa48e7d75af6b16b1ad4bdbaaf88dc56b54ba1bd8f47ab7e,True,,100,82696.0,84562.75,6.751244999591804,6.903645195526165
operator,red-sum-row,joggle-optimized,reduction,cc82ef114093b6d90ca94df05b54a60084585e72,2fa842e74a5cfcbf59217c4e1d85f7cf2fd11e09dc5ef429f8510965e0835d00,e6bb5cf9009d89c31a794b66f807b1cea8638a0089d156dab71d84be49862be7,True,,100,58460.0,71328.99999999999,6.1604931766689495,7.516623636651034
operator,red-sum-row,joggle-unoptimized,reduction,cc82ef114093b6d90ca94df05b54a60084585e72,2fa842e74a5cfcbf59217c4e1d85f7cf2fd11e09dc5ef429f8510965e0835d00,e6bb5cf9009d89c31a794b66f807b1cea8638a0089d156dab71d84be49862be7,True,,100,58330.0,70905.99999999999,6.146793824753675,7.472048053111332
operator,red-sum-row,onnx-mlir-llvm,reduction,"onnx-mlir version 0.4.2, onnx version 1.21.0 (https://github.com/onnx/onnx-mlir.git 4a13c34aa695b228599d637cdb772c19b4b18dba)",2fa842e74a5cfcbf59217c4e1d85f7cf2fd11e09dc5ef429f8510965e0835d00,e6bb5cf9009d89c31a794b66f807b1cea8638a0089d156dab71d84be49862be7,True,,100,60622.5,69786.04999999999,6.38837662679804,7.35402813636124
operator,red-sum-row,onnxruntime,reduction,onnxruntime-1.26.0,2fa842e74a5cfcbf59217c4e1d85f7cf2fd11e09dc5ef429f8510965e0835d00,e6bb5cf9009d89c31a794b66f807b1cea8638a0089d156dab71d84be49862be7,True,,100,9489.5,9713.1,1.0,1.0235628852942726
operator,red-sum-row,tvm-relax-llvm,reduction,tvm-0.26.dev0@c7b458e946bc4266915da582457476bdcd9705ae,2fa842e74a5cfcbf59217c4e1d85f7cf2fd11e09dc5ef429f8510965e0835d00,e6bb5cf9009d89c31a794b66f807b1cea8638a0089d156dab71d84be49862be7,True,,100,60320.0,61544.45,6.3564992886874965,6.485531376784867
