model,variant,iteration,seconds,max_abs_error,max_abs_error_2
MobileNetV2-7,separate,0,0.995115000,2.002716064453125e-05,
MobileNetV2-7,separate,1,1.053141000,2.002716064453125e-05,
MobileNetV2-7,separate,2,1.001646000,2.002716064453125e-05,
MobileNetV2-7,separate,3,1.054195000,2.002716064453125e-05,
MobileNetV2-7,separate,4,1.054086000,2.002716064453125e-05,
MobileNetV2-7,separate,5,1.032630000,2.002716064453125e-05,
MobileNetV2-7,separate,6,1.020021000,2.002716064453125e-05,
MobileNetV2-7,separate,7,1.027604000,2.002716064453125e-05,
MobileNetV2-7,separate,8,1.062990000,2.002716064453125e-05,
MobileNetV2-7,separate,9,1.024738000,2.002716064453125e-05,
MobileNetV2-7,lto,0,0.388541000,2.002716064453125e-05,
MobileNetV2-7,lto,1,0.388843000,2.002716064453125e-05,
MobileNetV2-7,lto,2,0.375609000,2.002716064453125e-05,
MobileNetV2-7,lto,3,0.375901000,2.002716064453125e-05,
MobileNetV2-7,lto,4,0.351629000,2.002716064453125e-05,
MobileNetV2-7,lto,5,0.316030000,2.002716064453125e-05,
MobileNetV2-7,lto,6,0.295830000,2.002716064453125e-05,
MobileNetV2-7,lto,7,0.298195000,2.002716064453125e-05,
MobileNetV2-7,lto,8,0.296648000,2.002716064453125e-05,
MobileNetV2-7,lto,9,0.290527000,2.002716064453125e-05,
ResNet18-v1-7,separate,0,2.975872000,5.0067901611328125e-06,
ResNet18-v1-7,separate,1,2.423247000,5.0067901611328125e-06,
ResNet18-v1-7,separate,2,1.955363000,5.0067901611328125e-06,
ResNet18-v1-7,separate,3,2.021038000,5.0067901611328125e-06,
ResNet18-v1-7,separate,4,2.423911000,5.0067901611328125e-06,
ResNet18-v1-7,separate,5,2.450113000,5.0067901611328125e-06,
ResNet18-v1-7,separate,6,2.050213000,5.0067901611328125e-06,
ResNet18-v1-7,separate,7,1.912871000,5.0067901611328125e-06,
ResNet18-v1-7,separate,8,2.005600000,5.0067901611328125e-06,
ResNet18-v1-7,separate,9,1.784612000,5.0067901611328125e-06,
ResNet18-v1-7,lto,0,1.334290000,5.0067901611328125e-06,
ResNet18-v1-7,lto,1,1.237975000,5.0067901611328125e-06,
ResNet18-v1-7,lto,2,1.176911000,5.0067901611328125e-06,
ResNet18-v1-7,lto,3,1.230559000,5.0067901611328125e-06,
ResNet18-v1-7,lto,4,1.400779000,5.0067901611328125e-06,
ResNet18-v1-7,lto,5,1.969349000,5.0067901611328125e-06,
ResNet18-v1-7,lto,6,1.531490000,5.0067901611328125e-06,
ResNet18-v1-7,lto,7,1.459886000,5.0067901611328125e-06,
ResNet18-v1-7,lto,8,1.897770000,5.0067901611328125e-06,
ResNet18-v1-7,lto,9,2.141903000,5.0067901611328125e-06,
UltraFace-RFB-320,separate,0,0.187058000,2.9802322387695312e-07,3.5762786865234375e-07
UltraFace-RFB-320,separate,1,0.187710000,2.9802322387695312e-07,3.5762786865234375e-07
UltraFace-RFB-320,separate,2,0.189195000,2.9802322387695312e-07,3.5762786865234375e-07
UltraFace-RFB-320,separate,3,0.192268000,2.9802322387695312e-07,3.5762786865234375e-07
UltraFace-RFB-320,separate,4,0.325198000,2.9802322387695312e-07,3.5762786865234375e-07
UltraFace-RFB-320,separate,5,0.208709000,2.9802322387695312e-07,3.5762786865234375e-07
UltraFace-RFB-320,separate,6,0.226798000,2.9802322387695312e-07,3.5762786865234375e-07
UltraFace-RFB-320,separate,7,0.196963000,2.9802322387695312e-07,3.5762786865234375e-07
UltraFace-RFB-320,separate,8,0.195024000,2.9802322387695312e-07,3.5762786865234375e-07
UltraFace-RFB-320,separate,9,0.194898000,2.9802322387695312e-07,3.5762786865234375e-07
UltraFace-RFB-320,lto,0,0.064295000,2.9802322387695312e-07,3.5762786865234375e-07
UltraFace-RFB-320,lto,1,0.064684000,2.9802322387695312e-07,3.5762786865234375e-07
UltraFace-RFB-320,lto,2,0.063534000,2.9802322387695312e-07,3.5762786865234375e-07
UltraFace-RFB-320,lto,3,0.058221000,2.9802322387695312e-07,3.5762786865234375e-07
UltraFace-RFB-320,lto,4,0.058361000,2.9802322387695312e-07,3.5762786865234375e-07
UltraFace-RFB-320,lto,5,0.057869000,2.9802322387695312e-07,3.5762786865234375e-07
UltraFace-RFB-320,lto,6,0.058351000,2.9802322387695312e-07,3.5762786865234375e-07
UltraFace-RFB-320,lto,7,0.058305000,2.9802322387695312e-07,3.5762786865234375e-07
UltraFace-RFB-320,lto,8,0.058019000,2.9802322387695312e-07,3.5762786865234375e-07
UltraFace-RFB-320,lto,9,0.059397000,2.9802322387695312e-07,3.5762786865234375e-07
SqueezeNet1.1-7,separate,0,0.418321000,5.245208740234375e-06,
SqueezeNet1.1-7,separate,1,0.400619000,5.245208740234375e-06,
SqueezeNet1.1-7,separate,2,0.412597000,5.245208740234375e-06,
SqueezeNet1.1-7,separate,3,0.463748000,5.245208740234375e-06,
SqueezeNet1.1-7,separate,4,0.479781000,5.245208740234375e-06,
SqueezeNet1.1-7,separate,5,0.471741000,5.245208740234375e-06,
SqueezeNet1.1-7,separate,6,0.496968000,5.245208740234375e-06,
SqueezeNet1.1-7,separate,7,0.524963000,5.245208740234375e-06,
SqueezeNet1.1-7,separate,8,0.518849000,5.245208740234375e-06,
SqueezeNet1.1-7,separate,9,0.519228000,5.245208740234375e-06,
SqueezeNet1.1-7,lto,0,0.242413000,5.245208740234375e-06,
SqueezeNet1.1-7,lto,1,0.228842000,5.245208740234375e-06,
SqueezeNet1.1-7,lto,2,0.230887000,5.245208740234375e-06,
SqueezeNet1.1-7,lto,3,0.220998000,5.245208740234375e-06,
SqueezeNet1.1-7,lto,4,0.208750000,5.245208740234375e-06,
SqueezeNet1.1-7,lto,5,0.204942000,5.245208740234375e-06,
SqueezeNet1.1-7,lto,6,0.201452000,5.245208740234375e-06,
SqueezeNet1.1-7,lto,7,0.193021000,5.245208740234375e-06,
SqueezeNet1.1-7,lto,8,0.188199000,5.245208740234375e-06,
SqueezeNet1.1-7,lto,9,0.187157000,5.245208740234375e-06,
