study,trial,position,system,seconds,checksum,metrics,validation,load1_before,load1_after
mobilenetv2-unfused,0,0,joggle,0.355452270,037ae8c64f031b9c,{},"output,0,elements,1000,max_abs_error,2.193450927734375e-05",1.080078,1.080078
mobilenetv2-unfused,0,1,onnxruntime,0.010354448,9e4733fdb6a536c4,{},"[0;93m2026-09-14 11:41:45.829816510 [W:onnxruntime:Default, device_discovery.cc:133 GetPciBusId] Skipping pci_bus_id for PCI path at ""/sys/devices/LNXSYSTM:00/LNXSYBUS:00/ACPI0004:00/VMBUS:00/5620e0c7-8062-4dce-aeb7-520c7ef76171"" because filename ""5620e0c7-8062-4dce-aeb7-520c7ef76171"" did not match expected pattern of [0-9a-f]+:[0-9a-f]+:[0-9a-f]+[.][0-9a-f]+[m | max_abs_error=0",1.080078,1.080078
mobilenetv2-unfused,1,0,onnxruntime,0.010422987,9e4733fdb6a536c4,{},"[0;93m2026-09-14 11:41:46.053617192 [W:onnxruntime:Default, device_discovery.cc:133 GetPciBusId] Skipping pci_bus_id for PCI path at ""/sys/devices/LNXSYSTM:00/LNXSYBUS:00/ACPI0004:00/VMBUS:00/5620e0c7-8062-4dce-aeb7-520c7ef76171"" because filename ""5620e0c7-8062-4dce-aeb7-520c7ef76171"" did not match expected pattern of [0-9a-f]+:[0-9a-f]+:[0-9a-f]+[.][0-9a-f]+[m | max_abs_error=0",1.080078,1.073242
mobilenetv2-unfused,1,1,joggle,0.355188676,037ae8c64f031b9c,{},"output,0,elements,1000,max_abs_error,2.193450927734375e-05",1.073242,1.073242
mobilenetv2-unfused,2,0,onnxruntime,0.010508948,9e4733fdb6a536c4,{},"[0;93m2026-09-14 11:41:47.712618948 [W:onnxruntime:Default, device_discovery.cc:133 GetPciBusId] Skipping pci_bus_id for PCI path at ""/sys/devices/LNXSYSTM:00/LNXSYBUS:00/ACPI0004:00/VMBUS:00/5620e0c7-8062-4dce-aeb7-520c7ef76171"" because filename ""5620e0c7-8062-4dce-aeb7-520c7ef76171"" did not match expected pattern of [0-9a-f]+:[0-9a-f]+:[0-9a-f]+[.][0-9a-f]+[m | max_abs_error=0",1.073242,1.073242
mobilenetv2-unfused,2,1,joggle,0.357809798,037ae8c64f031b9c,{},"output,0,elements,1000,max_abs_error,2.193450927734375e-05",1.073242,1.073242
mobilenetv2-unfused,3,0,joggle,0.355700857,037ae8c64f031b9c,{},"output,0,elements,1000,max_abs_error,2.193450927734375e-05",1.073242,1.073242
mobilenetv2-unfused,3,1,onnxruntime,0.010286300,9e4733fdb6a536c4,{},"[0;93m2026-09-14 11:41:50.820796406 [W:onnxruntime:Default, device_discovery.cc:133 GetPciBusId] Skipping pci_bus_id for PCI path at ""/sys/devices/LNXSYSTM:00/LNXSYBUS:00/ACPI0004:00/VMBUS:00/5620e0c7-8062-4dce-aeb7-520c7ef76171"" because filename ""5620e0c7-8062-4dce-aeb7-520c7ef76171"" did not match expected pattern of [0-9a-f]+:[0-9a-f]+:[0-9a-f]+[.][0-9a-f]+[m | max_abs_error=0",1.073242,1.073242
mobilenetv2-unfused,4,0,joggle,0.355372330,037ae8c64f031b9c,{},"output,0,elements,1000,max_abs_error,2.193450927734375e-05",1.073242,1.066895
mobilenetv2-unfused,4,1,onnxruntime,0.010264719,9e4733fdb6a536c4,{},"[0;93m2026-09-14 11:41:52.475399461 [W:onnxruntime:Default, device_discovery.cc:133 GetPciBusId] Skipping pci_bus_id for PCI path at ""/sys/devices/LNXSYSTM:00/LNXSYBUS:00/ACPI0004:00/VMBUS:00/5620e0c7-8062-4dce-aeb7-520c7ef76171"" because filename ""5620e0c7-8062-4dce-aeb7-520c7ef76171"" did not match expected pattern of [0-9a-f]+:[0-9a-f]+:[0-9a-f]+[.][0-9a-f]+[m | max_abs_error=0",1.066895,1.066895
mobilenetv2-unfused,5,0,onnxruntime,0.010323159,9e4733fdb6a536c4,{},"[0;93m2026-09-14 11:41:52.700106036 [W:onnxruntime:Default, device_discovery.cc:133 GetPciBusId] Skipping pci_bus_id for PCI path at ""/sys/devices/LNXSYSTM:00/LNXSYBUS:00/ACPI0004:00/VMBUS:00/5620e0c7-8062-4dce-aeb7-520c7ef76171"" because filename ""5620e0c7-8062-4dce-aeb7-520c7ef76171"" did not match expected pattern of [0-9a-f]+:[0-9a-f]+:[0-9a-f]+[.][0-9a-f]+[m | max_abs_error=0",1.066895,1.066895
mobilenetv2-unfused,5,1,joggle,0.356138540,037ae8c64f031b9c,{},"output,0,elements,1000,max_abs_error,2.193450927734375e-05",1.066895,1.066895
mobilenetv2-unfused,6,0,onnxruntime,0.010270170,9e4733fdb6a536c4,{},"[0;93m2026-09-14 11:41:54.359777219 [W:onnxruntime:Default, device_discovery.cc:133 GetPciBusId] Skipping pci_bus_id for PCI path at ""/sys/devices/LNXSYSTM:00/LNXSYBUS:00/ACPI0004:00/VMBUS:00/5620e0c7-8062-4dce-aeb7-520c7ef76171"" because filename ""5620e0c7-8062-4dce-aeb7-520c7ef76171"" did not match expected pattern of [0-9a-f]+:[0-9a-f]+:[0-9a-f]+[.][0-9a-f]+[m | max_abs_error=0",1.066895,1.066895
mobilenetv2-unfused,6,1,joggle,0.355953021,037ae8c64f031b9c,{},"output,0,elements,1000,max_abs_error,2.193450927734375e-05",1.066895,1.066895
mobilenetv2-unfused,7,0,joggle,0.356854420,037ae8c64f031b9c,{},"output,0,elements,1000,max_abs_error,2.193450927734375e-05",1.066895,1.061523
mobilenetv2-unfused,7,1,onnxruntime,0.010302760,9e4733fdb6a536c4,{},"[0;93m2026-09-14 11:41:57.471136875 [W:onnxruntime:Default, device_discovery.cc:133 GetPciBusId] Skipping pci_bus_id for PCI path at ""/sys/devices/LNXSYSTM:00/LNXSYBUS:00/ACPI0004:00/VMBUS:00/5620e0c7-8062-4dce-aeb7-520c7ef76171"" because filename ""5620e0c7-8062-4dce-aeb7-520c7ef76171"" did not match expected pattern of [0-9a-f]+:[0-9a-f]+:[0-9a-f]+[.][0-9a-f]+[m | max_abs_error=0",1.061523,1.061523
mobilenetv2-unfused,8,0,joggle,0.354812791,037ae8c64f031b9c,{},"output,0,elements,1000,max_abs_error,2.193450927734375e-05",1.061523,1.061523
mobilenetv2-unfused,8,1,onnxruntime,0.010489110,9e4733fdb6a536c4,{},"[0;93m2026-09-14 11:41:59.126756307 [W:onnxruntime:Default, device_discovery.cc:133 GetPciBusId] Skipping pci_bus_id for PCI path at ""/sys/devices/LNXSYSTM:00/LNXSYBUS:00/ACPI0004:00/VMBUS:00/5620e0c7-8062-4dce-aeb7-520c7ef76171"" because filename ""5620e0c7-8062-4dce-aeb7-520c7ef76171"" did not match expected pattern of [0-9a-f]+:[0-9a-f]+:[0-9a-f]+[.][0-9a-f]+[m | max_abs_error=0",1.061523,1.061523
mobilenetv2-unfused,9,0,onnxruntime,0.010498167,9e4733fdb6a536c4,{},"[0;93m2026-09-14 11:41:59.353894260 [W:onnxruntime:Default, device_discovery.cc:133 GetPciBusId] Skipping pci_bus_id for PCI path at ""/sys/devices/LNXSYSTM:00/LNXSYBUS:00/ACPI0004:00/VMBUS:00/5620e0c7-8062-4dce-aeb7-520c7ef76171"" because filename ""5620e0c7-8062-4dce-aeb7-520c7ef76171"" did not match expected pattern of [0-9a-f]+:[0-9a-f]+:[0-9a-f]+[.][0-9a-f]+[m | max_abs_error=0",1.061523,1.061523
mobilenetv2-unfused,9,1,joggle,0.355545187,037ae8c64f031b9c,{},"output,0,elements,1000,max_abs_error,2.193450927734375e-05",1.061523,1.061523
mobilenetv2-unfused,10,0,onnxruntime,0.010240222,9e4733fdb6a536c4,{},"[0;93m2026-09-14 11:42:01.012728891 [W:onnxruntime:Default, device_discovery.cc:133 GetPciBusId] Skipping pci_bus_id for PCI path at ""/sys/devices/LNXSYSTM:00/LNXSYBUS:00/ACPI0004:00/VMBUS:00/5620e0c7-8062-4dce-aeb7-520c7ef76171"" because filename ""5620e0c7-8062-4dce-aeb7-520c7ef76171"" did not match expected pattern of [0-9a-f]+:[0-9a-f]+:[0-9a-f]+[.][0-9a-f]+[m | max_abs_error=0",1.061523,1.056152
mobilenetv2-unfused,10,1,joggle,0.356581524,037ae8c64f031b9c,{},"output,0,elements,1000,max_abs_error,2.193450927734375e-05",1.056152,1.056152
mobilenetv2-unfused,11,0,joggle,0.362202681,037ae8c64f031b9c,{},"output,0,elements,1000,max_abs_error,2.193450927734375e-05",1.056152,1.056152
mobilenetv2-unfused,11,1,onnxruntime,0.010256253,9e4733fdb6a536c4,{},"[0;93m2026-09-14 11:42:04.117603513 [W:onnxruntime:Default, device_discovery.cc:133 GetPciBusId] Skipping pci_bus_id for PCI path at ""/sys/devices/LNXSYSTM:00/LNXSYBUS:00/ACPI0004:00/VMBUS:00/5620e0c7-8062-4dce-aeb7-520c7ef76171"" because filename ""5620e0c7-8062-4dce-aeb7-520c7ef76171"" did not match expected pattern of [0-9a-f]+:[0-9a-f]+:[0-9a-f]+[.][0-9a-f]+[m | max_abs_error=0",1.056152,1.056152
mobilenetv2-unfused,12,0,joggle,0.355003333,037ae8c64f031b9c,{},"output,0,elements,1000,max_abs_error,2.193450927734375e-05",1.056152,1.056152
mobilenetv2-unfused,12,1,onnxruntime,0.010269058,9e4733fdb6a536c4,{},"[0;93m2026-09-14 11:42:05.775490187 [W:onnxruntime:Default, device_discovery.cc:133 GetPciBusId] Skipping pci_bus_id for PCI path at ""/sys/devices/LNXSYSTM:00/LNXSYBUS:00/ACPI0004:00/VMBUS:00/5620e0c7-8062-4dce-aeb7-520c7ef76171"" because filename ""5620e0c7-8062-4dce-aeb7-520c7ef76171"" did not match expected pattern of [0-9a-f]+:[0-9a-f]+:[0-9a-f]+[.][0-9a-f]+[m | max_abs_error=0",1.056152,1.056152
mobilenetv2-unfused,13,0,onnxruntime,0.010395976,9e4733fdb6a536c4,{},"[0;93m2026-09-14 11:42:05.999287295 [W:onnxruntime:Default, device_discovery.cc:133 GetPciBusId] Skipping pci_bus_id for PCI path at ""/sys/devices/LNXSYSTM:00/LNXSYBUS:00/ACPI0004:00/VMBUS:00/5620e0c7-8062-4dce-aeb7-520c7ef76171"" because filename ""5620e0c7-8062-4dce-aeb7-520c7ef76171"" did not match expected pattern of [0-9a-f]+:[0-9a-f]+:[0-9a-f]+[.][0-9a-f]+[m | max_abs_error=0",1.056152,1.051270
mobilenetv2-unfused,13,1,joggle,0.355837911,037ae8c64f031b9c,{},"output,0,elements,1000,max_abs_error,2.193450927734375e-05",1.051270,1.051270
mobilenetv2-unfused,14,0,onnxruntime,0.010362864,9e4733fdb6a536c4,{},"[0;93m2026-09-14 11:42:07.661299575 [W:onnxruntime:Default, device_discovery.cc:133 GetPciBusId] Skipping pci_bus_id for PCI path at ""/sys/devices/LNXSYSTM:00/LNXSYBUS:00/ACPI0004:00/VMBUS:00/5620e0c7-8062-4dce-aeb7-520c7ef76171"" because filename ""5620e0c7-8062-4dce-aeb7-520c7ef76171"" did not match expected pattern of [0-9a-f]+:[0-9a-f]+:[0-9a-f]+[.][0-9a-f]+[m | max_abs_error=0",1.051270,1.051270
mobilenetv2-unfused,14,1,joggle,0.358322317,037ae8c64f031b9c,{},"output,0,elements,1000,max_abs_error,2.193450927734375e-05",1.051270,1.051270
mobilenetv2-unfused,15,0,joggle,0.357390507,037ae8c64f031b9c,{},"output,0,elements,1000,max_abs_error,2.193450927734375e-05",1.051270,1.051270
mobilenetv2-unfused,15,1,onnxruntime,0.010527714,9e4733fdb6a536c4,{},"[0;93m2026-09-14 11:42:10.782248569 [W:onnxruntime:Default, device_discovery.cc:133 GetPciBusId] Skipping pci_bus_id for PCI path at ""/sys/devices/LNXSYSTM:00/LNXSYBUS:00/ACPI0004:00/VMBUS:00/5620e0c7-8062-4dce-aeb7-520c7ef76171"" because filename ""5620e0c7-8062-4dce-aeb7-520c7ef76171"" did not match expected pattern of [0-9a-f]+:[0-9a-f]+:[0-9a-f]+[.][0-9a-f]+[m | max_abs_error=0",1.051270,1.051270
mobilenetv2-unfused,16,0,joggle,0.356987300,037ae8c64f031b9c,{},"output,0,elements,1000,max_abs_error,2.193450927734375e-05",1.051270,1.046875
mobilenetv2-unfused,16,1,onnxruntime,0.010384996,9e4733fdb6a536c4,{},"[0;93m2026-09-14 11:42:12.448140926 [W:onnxruntime:Default, device_discovery.cc:133 GetPciBusId] Skipping pci_bus_id for PCI path at ""/sys/devices/LNXSYSTM:00/LNXSYBUS:00/ACPI0004:00/VMBUS:00/5620e0c7-8062-4dce-aeb7-520c7ef76171"" because filename ""5620e0c7-8062-4dce-aeb7-520c7ef76171"" did not match expected pattern of [0-9a-f]+:[0-9a-f]+:[0-9a-f]+[.][0-9a-f]+[m | max_abs_error=0",1.046875,1.046875
mobilenetv2-unfused,17,0,onnxruntime,0.010323531,9e4733fdb6a536c4,{},"[0;93m2026-09-14 11:42:12.674156481 [W:onnxruntime:Default, device_discovery.cc:133 GetPciBusId] Skipping pci_bus_id for PCI path at ""/sys/devices/LNXSYSTM:00/LNXSYBUS:00/ACPI0004:00/VMBUS:00/5620e0c7-8062-4dce-aeb7-520c7ef76171"" because filename ""5620e0c7-8062-4dce-aeb7-520c7ef76171"" did not match expected pattern of [0-9a-f]+:[0-9a-f]+:[0-9a-f]+[.][0-9a-f]+[m | max_abs_error=0",1.046875,1.046875
mobilenetv2-unfused,17,1,joggle,0.362604641,037ae8c64f031b9c,{},"output,0,elements,1000,max_abs_error,2.193450927734375e-05",1.046875,1.046875
mobilenetv2-unfused,18,0,onnxruntime,0.010412257,9e4733fdb6a536c4,{},"[0;93m2026-09-14 11:42:14.340843303 [W:onnxruntime:Default, device_discovery.cc:133 GetPciBusId] Skipping pci_bus_id for PCI path at ""/sys/devices/LNXSYSTM:00/LNXSYBUS:00/ACPI0004:00/VMBUS:00/5620e0c7-8062-4dce-aeb7-520c7ef76171"" because filename ""5620e0c7-8062-4dce-aeb7-520c7ef76171"" did not match expected pattern of [0-9a-f]+:[0-9a-f]+:[0-9a-f]+[.][0-9a-f]+[m | max_abs_error=0",1.046875,1.046875
mobilenetv2-unfused,18,1,joggle,0.357998780,037ae8c64f031b9c,{},"output,0,elements,1000,max_abs_error,2.193450927734375e-05",1.046875,1.046875
mobilenetv2-unfused,19,0,joggle,0.358430481,037ae8c64f031b9c,{},"output,0,elements,1000,max_abs_error,2.193450927734375e-05",1.046875,1.042969
mobilenetv2-unfused,19,1,onnxruntime,0.010608145,9e4733fdb6a536c4,{},"[0;93m2026-09-14 11:42:17.451530228 [W:onnxruntime:Default, device_discovery.cc:133 GetPciBusId] Skipping pci_bus_id for PCI path at ""/sys/devices/LNXSYSTM:00/LNXSYBUS:00/ACPI0004:00/VMBUS:00/5620e0c7-8062-4dce-aeb7-520c7ef76171"" because filename ""5620e0c7-8062-4dce-aeb7-520c7ef76171"" did not match expected pattern of [0-9a-f]+:[0-9a-f]+:[0-9a-f]+[.][0-9a-f]+[m | max_abs_error=0",1.042969,1.042969
