task,kind,system,source_files,source_added,source_deleted,publication_lines,zones,semantic_cases,runtime_probes,parent_positive_failures,passed
lowbit-integrate,integration,Joggle,1,69,0,0,1,6,1029,0,True
lowbit-integrate,integration,MLIR,3,193,0,100,1,6,1029,0,True
lowbit-integrate,integration,xDSL,3,122,0,49,1,6,1029,0,True
lowbit-symmetric,maintenance,Joggle,1,1,1,0,1,6,1029,5,True
lowbit-symmetric,maintenance,MLIR,1,1,1,0,1,6,1029,5,True
lowbit-symmetric,maintenance,xDSL,1,1,1,0,1,6,1029,5,True
lowbit-subtract,maintenance,Joggle,1,4,4,0,1,6,1029,5,True
lowbit-subtract,maintenance,MLIR,1,4,4,0,1,6,1029,5,True
lowbit-subtract,maintenance,xDSL,1,4,4,0,1,6,1029,5,True
lowbit-msb-first,maintenance,Joggle,1,1,1,0,1,6,1029,4,True
lowbit-msb-first,maintenance,MLIR,1,2,2,0,1,6,1029,4,True
lowbit-msb-first,maintenance,xDSL,1,2,2,0,1,6,1029,4,True
qconv-integrate,integration,Joggle,1,77,0,0,1,6,165,0,True
qconv-integrate,integration,MLIR,3,178,0,100,1,6,165,0,True
qconv-integrate,integration,xDSL,3,125,0,49,1,6,165,0,True
qconv-ties-away,maintenance,Joggle,1,1,1,0,1,10,297,3,True
qconv-ties-away,maintenance,MLIR,1,1,1,0,1,10,297,3,True
qconv-ties-away,maintenance,xDSL,1,1,1,0,1,10,297,3,True
qconv-relu6,maintenance,Joggle,1,3,1,0,1,16,462,9,True
qconv-relu6,maintenance,MLIR,1,6,1,0,1,16,462,9,True
qconv-relu6,maintenance,xDSL,1,6,2,0,1,16,462,9,True
qconv-stride2,maintenance,Joggle,1,5,2,0,1,11,297,4,True
qconv-stride2,maintenance,MLIR,1,8,2,0,1,11,297,4,True
qconv-stride2,maintenance,xDSL,1,7,3,0,1,11,297,4,True
