model,total_ops,edit_site,edit_operation,affected_ops,full_median_ms,update_median_ms,unrelated_median_ms
densenet-12,5516,early,onnx.Conv@4605,668,161.797,52.608,1.868
densenet-12,5516,middle,onnx.Add@5060,335,166.545,26.520,1.868
densenet-12,5516,late,onnx.Conv@5514,1,160.577,0.210,1.868
efficientnet-lite4-11-int8,3679,early,onnx.Transpose@3556,122,104.327,9.638,0.662
efficientnet-lite4-11-int8,3679,middle,onnx.QLinearConv@3562,116,100.127,9.519,0.662
efficientnet-lite4-11-int8,3679,late,onnx.Softmax@3677,1,99.985,0.185,0.662
efficientnet-lite4-11-qdq,4318,early,onnx.Transpose@3778,356,126.856,28.406,0.994
efficientnet-lite4-11-qdq,4318,middle,onnx.QuantizeLinear@4047,181,127.579,15.456,0.994
efficientnet-lite4-11-qdq,4318,late,onnx.Softmax@4316,1,125.720,0.189,0.994
googlenet-12,907,early,onnx.Conv@763,143,26.133,11.952,0.360
googlenet-12,907,middle,onnx.Conv@834,65,24.998,5.404,0.360
googlenet-12,907,late,onnx.Softmax@905,1,25.105,0.166,0.360
mnist-8,69,early,onnx.Reshape@56,3,2.057,0.291,0.024
mnist-8,69,middle,onnx.Add@62,6,2.173,0.526,0.024
mnist-8,69,late,onnx.Add@67,1,2.162,0.148,0.024
mobilenetv2-7,1655,early,onnx.Conv@1499,155,46.081,12.229,0.450
mobilenetv2-7,1655,middle,onnx.Conv@1576,78,46.002,6.346,0.450
mobilenetv2-7,1655,late,onnx.Reshape@1653,1,45.421,0.176,0.450
resnet18-v1-7,643,early,onnx.Conv@573,69,18.082,5.801,0.178
resnet18-v1-7,643,middle,onnx.Conv@607,30,17.790,2.454,0.178
resnet18-v1-7,643,late,onnx.Gemm@641,1,17.875,0.154,0.178
shufflenet-v2-12,1843,early,onnx.Conv@1581,229,52.591,19.050,0.615
shufflenet-v2-12,1843,middle,onnx.Constant@1711,115,52.263,9.626,0.615
shufflenet-v2-12,1843,late,onnx.Gemm@1841,1,51.507,0.167,0.615
squeezenet1.0-13-qdq,1325,early,onnx.QuantizeLinear@1153,119,37.272,10.203,0.324
squeezenet1.0-13-qdq,1325,middle,onnx.MaxPool@1238,60,37.433,4.974,0.324
squeezenet1.0-13-qdq,1325,late,onnx.Reshape@1323,1,37.789,0.164,0.324
squeezenet1.1-7,412,early,onnx.Conv@345,66,11.646,5.656,0.191
squeezenet1.1-7,412,middle,onnx.Conv@378,33,11.495,2.758,0.191
squeezenet1.1-7,412,late,onnx.Reshape@410,1,11.525,0.161,0.191
ssd-mobilenetv1-12,13863,early,onnx.Cast@1857,277,113.313,21.488,0.958
ssd-mobilenetv1-12,13863,middle,onnx.Clip@2027,165,112.546,13.004,0.958
ssd-mobilenetv1-12,13863,late,onnx.Cast@2217,1,114.585,0.191,0.958
tiny-yolov3-11,1644,early,onnx.Conv@1348,236,46.603,17.104,0.130
tiny-yolov3-11,1644,middle,onnx.Sub@1447,21,47.257,1.557,0.130
tiny-yolov3-11,1644,late,onnx.Identity@1626,1,46.565,0.156,0.130
tinyyolov2-8,285,early,onnx.Mul@251,33,8.063,2.880,0.104
tinyyolov2-8,285,middle,onnx.LeakyRelu@267,17,8.040,1.429,0.104
tinyyolov2-8,285,late,onnx.Conv@283,1,8.099,0.163,0.104
ultraface-rfb-320,1586,early,onnx.Conv@1343,195,44.191,15.930,0.521
ultraface-rfb-320,1586,middle,onnx.Relu@1452,96,44.915,7.758,0.521
ultraface-rfb-320,1586,late,onnx.Concat@1584,1,44.107,0.175,0.521
xcit-tiny-12-p8-224-opset17,3298,early,onnx.Identity@1963,7,109.996,0.645,0.046
xcit-tiny-12-p8-224-opset17,3298,middle,onnx.Constant@2631,453,108.807,35.100,0.046
xcit-tiny-12-p8-224-opset17,3298,late,onnx.Gemm@3296,1,109.593,0.192,0.046
